events,sensitivity,median_lead_min,false_alerts_per_day,alerts_per_day,precision,seed,method,threshold
184,0.18478260869565216,20.0,0.21904761904761905,0.3952380952380952,0.4457831325301205,2026,cgm_trend_30,20.0
184,0.20108695652173914,19.0,0.2571428571428571,0.44761904761904764,0.425531914893617,2026,cgm_trend_30,22.5
184,0.22826086956521738,19.5,0.3238095238095238,0.5428571428571428,0.40350877192982454,2026,cgm_trend_30,25.0
184,0.2826086956521739,20.0,0.3952380952380952,0.6619047619047619,0.4028776978417266,2026,cgm_trend_30,27.5
184,0.33695652173913043,21.0,0.5,0.819047619047619,0.38953488372093026,2026,cgm_trend_30,30.0
184,0.3641304347826087,21.0,0.6047619047619047,0.9523809523809523,0.365,2026,cgm_trend_30,32.5
184,0.44565217391304346,19.0,0.7,1.119047619047619,0.37446808510638296,2026,cgm_trend_30,35.0
184,0.4782608695652174,19.0,0.8047619047619048,1.2666666666666666,0.36466165413533835,2026,cgm_trend_30,37.5
184,0.5489130434782609,19.0,0.9619047619047619,1.5,0.35873015873015873,2026,cgm_trend_30,40.0
184,0.5869565217391305,22.0,1.180952380952381,1.7714285714285714,0.3333333333333333,2026,cgm_trend_30,42.5
184,0.6358695652173914,25.0,1.3904761904761904,2.0714285714285716,0.32873563218390806,2026,cgm_trend_30,45.0
184,0.6793478260869565,28.0,1.661904761904762,2.4,0.30753968253968256,2026,cgm_trend_30,47.5
184,0.7391304347826086,28.0,1.938095238095238,2.738095238095238,0.2921739130434783,2026,cgm_trend_30,50.0
184,0.7771739130434783,29.0,2.1952380952380954,3.066666666666667,0.2841614906832298,2026,cgm_trend_30,52.5
184,0.8043478260869565,31.0,2.6523809523809523,3.5714285714285716,0.25733333333333336,2026,cgm_trend_30,55.0
184,0.8478260869565217,33.0,3.066666666666667,4.076190476190476,0.24766355140186916,2026,cgm_trend_30,57.5
184,0.8641304347826086,34.0,3.4904761904761905,4.580952380952381,0.23804573804573806,2026,cgm_trend_30,60.0
184,0.8967391304347826,35.0,3.961904761904762,5.1380952380952385,0.2289156626506024,2026,cgm_trend_30,62.5
184,0.9239130434782609,36.0,4.495238095238095,5.714285714285714,0.21333333333333335,2026,cgm_trend_30,65.0
184,0.9510869565217391,38.0,5.061904761904762,6.333333333333333,0.20075187969924813,2026,cgm_trend_30,67.5
184,0.9728260869565217,40.0,5.747619047619048,7.095238095238095,0.18993288590604027,2026,cgm_trend_30,70.0
184,0.9728260869565217,40.0,6.476190476190476,7.890476190476191,0.1792395896197948,2026,cgm_trend_30,72.5
184,0.9836956521739131,41.0,7.20952380952381,8.68095238095238,0.16950082281952825,2026,cgm_trend_30,75.0
184,0.9945652173913043,42.0,7.885714285714286,9.428571428571429,0.16363636363636364,2026,cgm_trend_30,77.5
184,0.9945652173913043,42.0,8.6,10.157142857142857,0.15330520393811534,2026,cgm_trend_30,80.0
184,0.9945652173913043,43.0,9.442857142857143,11.033333333333333,0.1441519205869659,2026,cgm_trend_30,82.5
184,1.0,42.5,10.195238095238095,11.804761904761905,0.136345300524405,2026,cgm_trend_30,85.0
184,1.0,44.0,10.985714285714286,12.60952380952381,0.12877643504531722,2026,cgm_trend_30,87.5
184,1.0,44.0,11.885714285714286,13.523809523809524,0.12112676056338029,2026,cgm_trend_30,90.0
184,1.0,44.0,12.771428571428572,14.423809523809524,0.11455926048200726,2026,cgm_trend_30,92.5
184,1.0,44.0,13.59047619047619,15.257142857142858,0.10923845193508115,2026,cgm_trend_30,95.0
184,1.0,45.0,14.423809523809524,16.10952380952381,0.10464085131540053,2026,cgm_trend_30,97.5
184,1.0,45.0,15.32857142857143,17.01904761904762,0.09932848349188585,2026,cgm_trend_30,100.0
184,1.0,44.5,16.11904761904762,17.80952380952381,0.09491978609625669,2026,cgm_trend_30,102.5
184,1.0,44.0,17.066666666666666,18.771428571428572,0.09081684424150177,2026,cgm_trend_30,105.0
184,1.0,44.5,17.914285714285715,19.63809523809524,0.0877788554801164,2026,cgm_trend_30,107.5
184,1.0,44.0,18.909523809523808,20.62857142857143,0.08333333333333333,2026,cgm_trend_30,110.0
184,1.0,44.0,19.771428571428572,21.495238095238093,0.08019494904740807,2026,cgm_trend_30,112.5
184,1.0,43.0,20.738095238095237,22.452380952380953,0.07635206786850478,2026,cgm_trend_30,115.0
184,1.0,45.0,21.495238095238093,23.21904761904762,0.07424118129614438,2026,cgm_trend_30,117.5
184,1.0,44.5,22.32857142857143,24.057142857142857,0.07185273159144893,2026,cgm_trend_30,120.0
184,0.005434782608695652,20.0,0.004761904761904762,0.009523809523809525,0.5,2026,twin_40,40.0
184,0.010869565217391304,18.0,0.009523809523809525,0.01904761904761905,0.5,2026,twin_40,42.5
184,0.016304347826086956,11.0,0.014285714285714285,0.03333333333333333,0.5714285714285714,2026,twin_40,45.0
184,0.043478260869565216,10.0,0.047619047619047616,0.09523809523809523,0.5,2026,twin_40,47.5
184,0.07608695652173914,16.0,0.09047619047619047,0.17142857142857143,0.4722222222222222,2026,twin_40,50.0
184,0.125,14.0,0.12857142857142856,0.2619047619047619,0.509090909090909,2026,twin_40,52.5
184,0.16847826086956522,13.0,0.21904761904761905,0.3952380952380952,0.4457831325301205,2026,twin_40,55.0
184,0.22826086956521738,15.0,0.34285714285714286,0.5714285714285714,0.4,2026,twin_40,57.5
184,0.28804347826086957,16.0,0.4714285714285714,0.7714285714285715,0.3888888888888889,2026,twin_40,60.0
184,0.3641304347826087,17.0,0.6476190476190476,1.0285714285714285,0.37037037037037035,2026,twin_40,62.5
184,0.45652173913043476,19.0,0.9571428571428572,1.438095238095238,0.3344370860927152,2026,twin_40,65.0
184,0.5380434782608695,20.0,1.3952380952380952,2.0095238095238095,0.3056872037914692,2026,twin_40,67.5
184,0.625,21.0,1.8857142857142857,2.5952380952380953,0.27339449541284405,2026,twin_40,70.0
184,0.6956521739130435,24.0,2.5238095238095237,3.3523809523809525,0.2471590909090909,2026,twin_40,72.5
184,0.7771739130434783,28.0,3.1285714285714286,4.071428571428571,0.23157894736842105,2026,twin_40,75.0
184,0.8206521739130435,32.0,3.919047619047619,4.985714285714286,0.2139446036294174,2026,twin_40,77.5
184,0.8695652173913043,34.0,4.647619047619048,5.833333333333333,0.20326530612244897,2026,twin_40,80.0
184,0.9184782608695652,36.0,5.371428571428571,6.6761904761904765,0.19543509272467904,2026,twin_40,82.5
184,0.9456521739130435,38.5,6.171428571428572,7.571428571428571,0.18490566037735848,2026,twin_40,85.0
184,0.967391304347826,39.0,7.023809523809524,8.480952380952381,0.17181358787198203,2026,twin_40,87.5
184,0.9891304347826086,40.0,8.076190476190476,9.595238095238095,0.15831265508684864,2026,twin_40,90.0
184,0.9945652173913043,44.0,9.176190476190476,10.747619047619047,0.14621178555604786,2026,twin_40,92.5
184,0.9945652173913043,44.0,10.18095238095238,11.780952380952382,0.13581244947453516,2026,twin_40,95.0
184,0.9945652173913043,45.0,11.17142857142857,12.80952380952381,0.12788104089219332,2026,twin_40,97.5
184,0.9945652173913043,44.0,12.32857142857143,13.980952380952381,0.11818801089918256,2026,twin_40,100.0
184,0.9945652173913043,42.0,13.31904761904762,14.995238095238095,0.11178151794220387,2026,twin_40,102.5
184,0.9945652173913043,42.0,14.314285714285715,16.00952380952381,0.1058893515764426,2026,twin_40,105.0
184,1.0,42.0,15.428571428571429,17.12857142857143,0.09924937447873228,2026,twin_40,107.5
184,1.0,43.5,16.39047619047619,18.10952380952381,0.09492505916381803,2026,twin_40,110.0
184,1.0,45.0,17.357142857142858,19.090476190476192,0.09079570965328013,2026,twin_40,112.5
184,0.9945652173913043,44.0,18.48095238095238,20.21904761904762,0.08596325953838907,2026,twin_40,115.0
184,0.9945652173913043,44.0,19.576190476190476,21.314285714285713,0.08154602323503128,2026,twin_40,117.5
184,1.0,44.5,20.68095238095238,22.423809523809524,0.07772350817583351,2026,twin_40,120.0
184,1.0,45.0,21.676190476190477,23.419047619047618,0.07442049613664091,2026,twin_40,122.5
184,1.0,45.5,22.876190476190477,24.623809523809523,0.07097273254689615,2026,twin_40,125.0
184,1.0,45.0,23.98095238095238,25.733333333333334,0.06809770540340489,2026,twin_40,127.5
184,1.0,45.0,24.976190476190474,26.728571428571428,0.06556208800997684,2026,twin_40,130.0
184,0.04891304347826087,12.0,0.05238095238095238,0.1,0.47619047619047616,2026,dosetwin_hybrid,30.0
184,0.08152173913043478,12.0,0.08095238095238096,0.1619047619047619,0.5,2026,dosetwin_hybrid,32.5
184,0.09239130434782608,15.0,0.09047619047619047,0.18095238095238095,0.5,2026,dosetwin_hybrid,35.0
184,0.125,15.0,0.11428571428571428,0.23333333333333334,0.5102040816326531,2026,dosetwin_hybrid,37.5
184,0.16304347826086957,15.5,0.14761904761904762,0.3,0.5079365079365079,2026,dosetwin_hybrid,40.0
184,0.20652173913043478,14.5,0.21428571428571427,0.40476190476190477,0.47058823529411764,2026,dosetwin_hybrid,42.5
184,0.25,12.5,0.2714285714285714,0.5047619047619047,0.46226415094339623,2026,dosetwin_hybrid,45.0
184,0.31521739130434784,14.5,0.35714285714285715,0.6523809523809524,0.45255474452554745,2026,dosetwin_hybrid,47.5
184,0.3804347826086957,16.5,0.4666666666666667,0.8285714285714286,0.4367816091954023,2026,dosetwin_hybrid,50.0
184,0.44565217391304346,19.0,0.6476190476190476,1.0952380952380953,0.40869565217391307,2026,dosetwin_hybrid,52.5
184,0.4891304347826087,20.0,0.8333333333333334,1.3476190476190477,0.38162544169611307,2026,dosetwin_hybrid,55.0
184,0.6032608695652174,22.0,1.0761904761904761,1.7095238095238094,0.37047353760445684,2026,dosetwin_hybrid,57.5
184,0.6684782608695652,23.0,1.4285714285714286,2.1476190476190475,0.3348115299334812,2026,dosetwin_hybrid,60.0
184,0.75,23.5,1.8142857142857143,2.6333333333333333,0.31103074141048825,2026,dosetwin_hybrid,62.5
184,0.8043478260869565,26.0,2.2095238095238097,3.119047619047619,0.2916030534351145,2026,dosetwin_hybrid,65.0
184,0.8478260869565217,30.0,2.6523809523809523,3.6523809523809523,0.2737940026075619,2026,dosetwin_hybrid,67.5
184,0.8858695652173914,31.0,3.1619047619047618,4.280952380952381,0.26140155728587317,2026,dosetwin_hybrid,70.0
184,0.9239130434782609,34.0,3.8142857142857145,5.019047619047619,0.24003795066413663,2026,dosetwin_hybrid,72.5
184,0.9456521739130435,35.0,4.585714285714285,5.890476190476191,0.22150363783346808,2026,dosetwin_hybrid,75.0
184,0.9728260869565217,38.0,5.3619047619047615,6.776190476190476,0.20871398453970486,2026,dosetwin_hybrid,77.5
184,0.9836956521739131,39.0,6.119047619047619,7.595238095238095,0.19435736677115986,2026,dosetwin_hybrid,80.0
184,0.9891304347826086,40.5,6.866666666666666,8.39047619047619,0.18161180476730987,2026,dosetwin_hybrid,82.5
184,0.9891304347826086,43.5,7.719047619047619,9.314285714285715,0.1712678936605317,2026,dosetwin_hybrid,85.0
184,1.0,43.0,8.647619047619047,10.285714285714286,0.15925925925925927,2026,dosetwin_hybrid,87.5
184,1.0,44.0,9.585714285714285,11.271428571428572,0.14955640050697086,2026,dosetwin_hybrid,90.0
184,1.0,43.5,10.623809523809523,12.31904761904762,0.13761113258600696,2026,dosetwin_hybrid,92.5
184,1.0,45.0,11.619047619047619,13.333333333333334,0.12857142857142856,2026,dosetwin_hybrid,95.0
184,1.0,44.0,12.614285714285714,14.333333333333334,0.11993355481727574,2026,dosetwin_hybrid,97.5
184,1.0,44.0,13.571428571428571,15.290476190476191,0.11242603550295859,2026,dosetwin_hybrid,100.0
184,1.0,44.0,14.58095238095238,16.304761904761904,0.10572429906542057,2026,dosetwin_hybrid,102.5
184,1.0,44.0,15.595238095238095,17.31904761904762,0.09953258179818532,2026,dosetwin_hybrid,105.0
184,1.0,44.0,16.571428571428573,18.304761904761904,0.09469302809573361,2026,dosetwin_hybrid,107.5
184,1.0,44.0,17.561904761904763,19.3,0.09005674808783617,2026,dosetwin_hybrid,110.0
184,1.0,44.0,18.6,20.333333333333332,0.08524590163934426,2026,dosetwin_hybrid,112.5
184,1.0,45.0,19.68095238095238,21.419047619047618,0.08114717652289907,2026,dosetwin_hybrid,115.0
184,1.0,45.0,20.48095238095238,22.21904761904762,0.07822546078011144,2026,dosetwin_hybrid,117.5
184,1.0,45.0,21.495238095238093,23.233333333333334,0.07481041196966591,2026,dosetwin_hybrid,120.0
184,1.0,46.0,22.33809523809524,24.071428571428573,0.07200791295746785,2026,dosetwin_hybrid,122.5
184,1.0,46.0,23.166666666666668,24.909523809523808,0.06996750143376028,2026,dosetwin_hybrid,125.0
184,0.0,0.0,0.0,0.0,0.0,2026,lightgbm,-0.995
184,0.021739130434782608,27.0,0.0,0.01904761904761905,1.0,2026,lightgbm,-0.9783050847457627
184,0.03260869565217391,27.5,0.014285714285714285,0.04285714285714286,0.6666666666666666,2026,lightgbm,-0.9616101694915254
184,0.03804347826086957,24.0,0.014285714285714285,0.05714285714285714,0.75,2026,lightgbm,-0.9449152542372882
184,0.043478260869565216,36.0,0.01904761904761905,0.07142857142857142,0.7333333333333333,2026,lightgbm,-0.9282203389830508
184,0.05434782608695652,36.0,0.01904761904761905,0.08095238095238096,0.7647058823529411,2026,lightgbm,-0.9115254237288135
184,0.07608695652173914,31.5,0.023809523809523808,0.10952380952380952,0.782608695652174,2026,lightgbm,-0.8948305084745762
184,0.07608695652173914,34.0,0.023809523809523808,0.11904761904761904,0.8,2026,lightgbm,-0.878135593220339
184,0.08152173913043478,39.0,0.02857142857142857,0.13333333333333333,0.7857142857142857,2026,lightgbm,-0.8614406779661017
184,0.09239130434782608,39.0,0.02857142857142857,0.14761904761904762,0.8064516129032258,2026,lightgbm,-0.8447457627118644
184,0.10326086956521739,39.0,0.02857142857142857,0.16666666666666666,0.8285714285714286,2026,lightgbm,-0.8280508474576271
184,0.10869565217391304,37.5,0.02857142857142857,0.17142857142857143,0.8333333333333334,2026,lightgbm,-0.8113559322033899
184,0.11956521739130435,39.0,0.0380952380952381,0.20476190476190476,0.813953488372093,2026,lightgbm,-0.7946610169491526
184,0.13043478260869565,40.0,0.05238095238095238,0.22857142857142856,0.7708333333333334,2026,lightgbm,-0.7779661016949153
184,0.1358695652173913,39.0,0.05714285714285714,0.23809523809523808,0.76,2026,lightgbm,-0.7612711864406779
184,0.15217391304347827,39.5,0.06190476190476191,0.2571428571428571,0.7592592592592593,2026,lightgbm,-0.7445762711864407
184,0.15760869565217392,41.0,0.06190476190476191,0.2619047619047619,0.7636363636363637,2026,lightgbm,-0.7278813559322034
184,0.16304347826086957,41.0,0.0761904761904762,0.28095238095238095,0.7288135593220338,2026,lightgbm,-0.7111864406779661
184,0.16847826086956522,41.0,0.0761904761904762,0.2857142857142857,0.7333333333333333,2026,lightgbm,-0.6944915254237288
184,0.17391304347826086,41.5,0.08571428571428572,0.3,0.7142857142857143,2026,lightgbm,-0.6777966101694914
184,0.1956521739130435,42.5,0.09047619047619047,0.32857142857142857,0.7246376811594203,2026,lightgbm,-0.6611016949152542
184,0.20108695652173914,43.0,0.09523809523809523,0.3476190476190476,0.726027397260274,2026,lightgbm,-0.6444067796610169
184,0.20108695652173914,45.0,0.09523809523809523,0.3523809523809524,0.7297297297297297,2026,lightgbm,-0.6277118644067796
184,0.20108695652173914,45.0,0.10952380952380952,0.36666666666666664,0.7012987012987013,2026,lightgbm,-0.6110169491525423
184,0.20108695652173914,44.0,0.12380952380952381,0.38095238095238093,0.675,2026,lightgbm,-0.5943220338983051
184,0.21195652173913043,44.0,0.12380952380952381,0.4,0.6904761904761905,2026,lightgbm,-0.5776271186440678
184,0.22282608695652173,43.0,0.1380952380952381,0.42857142857142855,0.6777777777777778,2026,lightgbm,-0.5609322033898305
184,0.22826086956521738,42.0,0.14761904761904762,0.4523809523809524,0.6736842105263158,2026,lightgbm,-0.5442372881355932
184,0.2391304347826087,42.0,0.17142857142857143,0.4857142857142857,0.6470588235294118,2026,lightgbm,-0.527542372881356
184,0.2554347826086957,43.0,0.17142857142857143,0.5095238095238095,0.6635514018691588,2026,lightgbm,-0.5108474576271187
184,0.266304347826087,45.0,0.18095238095238095,0.5285714285714286,0.6576576576576577,2026,lightgbm,-0.4941525423728813
184,0.2717391304347826,43.5,0.2,0.5571428571428572,0.6410256410256411,2026,lightgbm,-0.47745762711864403
184,0.2826086956521739,42.5,0.20476190476190476,0.5714285714285714,0.6416666666666667,2026,lightgbm,-0.46076271186440676
184,0.30434782608695654,41.5,0.22380952380952382,0.6238095238095238,0.6412213740458015,2026,lightgbm,-0.4440677966101695
184,0.30978260869565216,42.0,0.24285714285714285,0.6523809523809524,0.6277372262773723,2026,lightgbm,-0.4273728813559322
184,0.30978260869565216,43.0,0.26666666666666666,0.6904761904761905,0.6137931034482759,2026,lightgbm,-0.41067796610169494
184,0.33695652173913043,41.0,0.28095238095238095,0.7333333333333333,0.6168831168831169,2026,lightgbm,-0.39398305084745766
184,0.34782608695652173,40.5,0.319047619047619,0.7904761904761904,0.5963855421686747,2026,lightgbm,-0.3772881355932203
184,0.3532608695652174,41.0,0.3380952380952381,0.8142857142857143,0.5847953216374269,2026,lightgbm,-0.360593220338983
184,0.375,41.0,0.3523809523809524,0.8523809523809524,0.5865921787709497,2026,lightgbm,-0.3438983050847457
184,0.40217391304347827,39.0,0.41904761904761906,0.9428571428571428,0.5555555555555556,2026,lightgbm,-0.32720338983050845
184,0.41847826086956524,41.0,0.4380952380952381,0.9857142857142858,0.5555555555555556,2026,lightgbm,-0.3105084745762712
184,0.43478260869565216,40.5,0.5,1.0857142857142856,0.5394736842105263,2026,lightgbm,-0.2938135593220339
184,0.47282608695652173,39.0,0.5333333333333333,1.1666666666666667,0.5428571428571428,2026,lightgbm,-0.2771186440677966
184,0.483695652173913,39.0,0.5904761904761905,1.2380952380952381,0.5230769230769231,2026,lightgbm,-0.26042372881355924
184,0.5217391304347826,37.0,0.6190476190476191,1.3,0.5238095238095238,2026,lightgbm,-0.24372881355932197
184,0.532608695652174,37.0,0.6761904761904762,1.3761904761904762,0.5086505190311419,2026,lightgbm,-0.2270338983050847
184,0.5706521739130435,37.0,0.7619047619047619,1.5047619047619047,0.4936708860759494,2026,lightgbm,-0.21033898305084742
184,0.5869565217391305,38.0,0.8476190476190476,1.619047619047619,0.4764705882352941,2026,lightgbm,-0.19364406779661014
184,0.6086956521739131,38.0,0.9476190476190476,1.7571428571428571,0.46070460704607047,2026,lightgbm,-0.17694915254237287
184,0.6358695652173914,39.0,1.0142857142857142,1.8904761904761904,0.4634760705289673,2026,lightgbm,-0.1602542372881356
184,0.6739130434782609,39.0,1.1476190476190475,2.0714285714285716,0.4459770114942529,2026,lightgbm,-0.14355932203389832
184,0.6847826086956522,41.0,1.2857142857142858,2.238095238095238,0.425531914893617,2026,lightgbm,-0.12686440677966104
184,0.7282608695652174,38.5,1.561904761904762,2.557142857142857,0.3891992551210428,2026,lightgbm,-0.11016949152542366
184,0.75,40.0,1.8904761904761904,2.942857142857143,0.35760517799352753,2026,lightgbm,-0.09347457627118638
184,0.7717391304347826,40.0,2.1809523809523808,3.276190476190476,0.33430232558139533,2026,lightgbm,-0.07677966101694911
184,0.8097826086956522,40.0,2.6666666666666665,3.842857142857143,0.30607187112763323,2026,lightgbm,-0.06008474576271183
184,0.8532608695652174,41.0,3.361904761904762,4.642857142857143,0.27589743589743587,2026,lightgbm,-0.04338983050847456
184,0.8967391304347826,42.0,4.504761904761905,5.938095238095238,0.2413793103448276,2026,lightgbm,-0.026694915254237284
184,0.9510869565217391,43.0,7.809523809523809,9.404761904761905,0.16962025316455695,2026,lightgbm,-0.01
145,0.1724137931034483,15.0,0.2619047619047619,0.3904761904761905,0.32926829268292684,2027,cgm_trend_30,20.0
145,0.2,13.0,0.3047619047619048,0.4523809523809524,0.3263157894736842,2027,cgm_trend_30,22.5
145,0.22758620689655173,13.0,0.35714285714285715,0.5238095238095238,0.3181818181818182,2027,cgm_trend_30,25.0
145,0.296551724137931,14.0,0.3952380952380952,0.6095238095238096,0.3515625,2027,cgm_trend_30,27.5
145,0.35172413793103446,15.0,0.5142857142857142,0.7666666666666667,0.32919254658385094,2027,cgm_trend_30,30.0
145,0.36551724137931035,16.0,0.638095238095238,0.9047619047619048,0.29473684210526313,2027,cgm_trend_30,32.5
145,0.41379310344827586,16.5,0.7333333333333333,1.0380952380952382,0.29357798165137616,2027,cgm_trend_30,35.0
145,0.496551724137931,18.0,0.8571428571428571,1.2333333333333334,0.305019305019305,2027,cgm_trend_30,37.5
145,0.5793103448275863,18.0,0.9904761904761905,1.4238095238095239,0.30434782608695654,2027,cgm_trend_30,40.0
145,0.6413793103448275,20.0,1.1714285714285715,1.6523809523809523,0.2910662824207493,2027,cgm_trend_30,42.5
145,0.6620689655172414,22.5,1.380952380952381,1.8952380952380952,0.271356783919598,2027,cgm_trend_30,45.0
145,0.7448275862068966,23.5,1.5476190476190477,2.142857142857143,0.2777777777777778,2027,cgm_trend_30,47.5
145,0.7655172413793103,26.0,1.8,2.4285714285714284,0.25882352941176473,2027,cgm_trend_30,50.0
145,0.8137931034482758,27.5,2.0761904761904764,2.7666666666666666,0.2495697074010327,2027,cgm_trend_30,52.5
145,0.8275862068965517,30.5,2.4095238095238094,3.119047619047619,0.22748091603053436,2027,cgm_trend_30,55.0
145,0.8344827586206897,31.0,2.7714285714285714,3.519047619047619,0.2124492557510149,2027,cgm_trend_30,57.5
145,0.8620689655172413,33.0,3.142857142857143,3.961904761904762,0.20673076923076922,2027,cgm_trend_30,60.0
145,0.896551724137931,34.5,3.6,4.495238095238095,0.19915254237288135,2027,cgm_trend_30,62.5
145,0.9310344827586207,36.0,4.066666666666666,5.014285714285714,0.1889838556505223,2027,cgm_trend_30,65.0
145,0.9517241379310345,37.0,4.6380952380952385,5.633333333333334,0.17666948436179206,2027,cgm_trend_30,67.5
145,0.9655172413793104,39.0,5.219047619047619,6.271428571428571,0.16780561883067577,2027,cgm_trend_30,70.0
145,0.9655172413793104,40.0,5.90952380952381,6.9904761904761905,0.15463215258855587,2027,cgm_trend_30,72.5
145,0.9862068965517241,40.0,6.523809523809524,7.642857142857143,0.14641744548286603,2027,cgm_trend_30,75.0
145,0.993103448275862,40.5,7.219047619047619,8.395238095238096,0.14010209869540555,2027,cgm_trend_30,77.5
145,1.0,40.0,8.014285714285714,9.223809523809523,0.13113061435209086,2027,cgm_trend_30,80.0
145,0.9862068965517241,41.0,8.738095238095237,9.957142857142857,0.12242945958871354,2027,cgm_trend_30,82.5
145,0.9862068965517241,42.0,9.514285714285714,10.761904761904763,0.11592920353982301,2027,cgm_trend_30,85.0
145,1.0,43.0,10.323809523809524,11.60952380952381,0.11074651353568499,2027,cgm_trend_30,87.5
145,1.0,43.0,11.185714285714285,12.49047619047619,0.1044605413648494,2027,cgm_trend_30,90.0
145,1.0,45.0,12.047619047619047,13.347619047619048,0.09739564752051373,2027,cgm_trend_30,92.5
145,1.0,45.0,12.957142857142857,14.285714285714286,0.093,2027,cgm_trend_30,95.0
145,1.0,46.0,13.89047619047619,15.228571428571428,0.08786741713570982,2027,cgm_trend_30,97.5
145,1.0,46.0,14.714285714285714,16.057142857142857,0.08362989323843416,2027,cgm_trend_30,100.0
145,1.0,48.0,15.69047619047619,17.038095238095238,0.07909446618222471,2027,cgm_trend_30,102.5
145,1.0,48.0,16.523809523809526,17.88095238095238,0.0758988015978695,2027,cgm_trend_30,105.0
145,1.0,48.0,17.466666666666665,18.83809523809524,0.07280080889787664,2027,cgm_trend_30,107.5
145,1.0,48.0,18.409523809523808,19.776190476190475,0.06910666987719721,2027,cgm_trend_30,110.0
145,1.0,48.0,19.428571428571427,20.795238095238094,0.0657201740325166,2027,cgm_trend_30,112.5
145,1.0,46.0,20.285714285714285,21.642857142857142,0.0627062706270627,2027,cgm_trend_30,115.0
145,1.0,46.0,21.042857142857144,22.404761904761905,0.06078639744952179,2027,cgm_trend_30,117.5
145,1.0,48.0,21.933333333333334,23.295238095238094,0.05846279640228945,2027,cgm_trend_30,120.0
145,0.020689655172413793,5.0,0.014285714285714285,0.02857142857142857,0.5,2027,twin_40,40.0
145,0.020689655172413793,10.0,0.014285714285714285,0.02857142857142857,0.5,2027,twin_40,42.5
145,0.027586206896551724,9.5,0.03333333333333333,0.05714285714285714,0.4166666666666667,2027,twin_40,45.0
145,0.06896551724137931,10.0,0.05238095238095238,0.10476190476190476,0.5,2027,twin_40,47.5
145,0.10344827586206896,9.0,0.06666666666666667,0.15714285714285714,0.5757575757575758,2027,twin_40,50.0
145,0.15862068965517243,10.0,0.12380952380952381,0.2523809523809524,0.5094339622641509,2027,twin_40,52.5
145,0.1724137931034483,13.0,0.19523809523809524,0.3333333333333333,0.4142857142857143,2027,twin_40,55.0
145,0.21379310344827587,14.0,0.2904761904761905,0.46190476190476193,0.3711340206185567,2027,twin_40,57.5
145,0.2689655172413793,16.0,0.41904761904761906,0.6285714285714286,0.3333333333333333,2027,twin_40,60.0
145,0.3586206896551724,17.5,0.5571428571428572,0.8333333333333334,0.3314285714285714,2027,twin_40,62.5
145,0.43448275862068964,21.0,0.8095238095238095,1.1761904761904762,0.3117408906882591,2027,twin_40,65.0
145,0.5172413793103449,24.0,1.161904761904762,1.619047619047619,0.2823529411764706,2027,twin_40,67.5
145,0.5724137931034483,29.0,1.5476190476190477,2.0952380952380953,0.26136363636363635,2027,twin_40,70.0
145,0.6896551724137931,28.5,2.0619047619047617,2.719047619047619,0.24168126094570927,2027,twin_40,72.5
145,0.7379310344827587,30.0,2.7095238095238097,3.442857142857143,0.21300138312586445,2027,twin_40,75.0
145,0.8413793103448276,32.0,3.3476190476190477,4.214285714285714,0.20564971751412428,2027,twin_40,77.5
145,0.8896551724137931,34.0,4.147619047619048,5.114285714285714,0.18901303538175046,2027,twin_40,80.0
145,0.9103448275862069,36.0,4.961904761904762,5.985714285714286,0.17104216388225935,2027,twin_40,82.5
145,0.9310344827586207,38.0,5.780952380952381,6.871428571428571,0.1586971586971587,2027,twin_40,85.0
145,0.9586206896551724,39.0,6.614285714285714,7.766666666666667,0.1483752299202943,2027,twin_40,87.5
145,0.9655172413793104,43.0,7.576190476190476,8.785714285714286,0.13766937669376694,2027,twin_40,90.0
145,0.9724137931034482,43.0,8.652380952380952,9.880952380952381,0.12433734939759036,2027,twin_40,92.5
145,0.9793103448275862,44.5,9.661904761904761,10.923809523809524,0.11551874455100261,2027,twin_40,95.0
145,0.9793103448275862,44.0,10.719047619047618,11.99047619047619,0.10603653693407467,2027,twin_40,97.5
145,1.0,42.0,11.871428571428572,13.166666666666666,0.09837251356238698,2027,twin_40,100.0
145,1.0,44.0,12.904761904761905,14.219047619047618,0.09243134628265237,2027,twin_40,102.5
145,1.0,43.0,13.952380952380953,15.285714285714286,0.08722741433021806,2027,twin_40,105.0
145,1.0,45.0,14.942857142857143,16.285714285714285,0.0824561403508772,2027,twin_40,107.5
145,1.0,45.0,15.942857142857143,17.285714285714285,0.07768595041322314,2027,twin_40,110.0
145,1.0,44.0,17.104761904761904,18.457142857142856,0.07327141382868937,2027,twin_40,112.5
145,1.0,41.0,18.15714285714286,19.51904761904762,0.06977311539399854,2027,twin_40,115.0
145,1.0,43.0,19.066666666666666,20.433333333333334,0.06688417618270799,2027,twin_40,117.5
145,1.0,44.0,20.176190476190477,21.547619047619047,0.06364640883977901,2027,twin_40,120.0
145,1.0,43.0,21.30952380952381,22.68095238095238,0.06046609279865631,2027,twin_40,122.5
145,1.0,44.0,22.39047619047619,23.766666666666666,0.057904227609697455,2027,twin_40,125.0
145,1.0,44.0,23.49047619047619,24.87142857142857,0.05552364541451273,2027,twin_40,127.5
145,1.0,45.0,24.542857142857144,25.923809523809524,0.053269654665687,2027,twin_40,130.0
145,0.05517241379310345,7.0,0.04285714285714286,0.08095238095238096,0.47058823529411764,2027,dosetwin_hybrid,30.0
145,0.06896551724137931,6.5,0.06190476190476191,0.10952380952380952,0.43478260869565216,2027,dosetwin_hybrid,32.5
145,0.0896551724137931,8.0,0.10476190476190476,0.16666666666666666,0.37142857142857144,2027,dosetwin_hybrid,35.0
145,0.0896551724137931,10.0,0.12857142857142856,0.19047619047619047,0.325,2027,dosetwin_hybrid,37.5
145,0.11724137931034483,10.0,0.18095238095238095,0.2619047619047619,0.3090909090909091,2027,dosetwin_hybrid,40.0
145,0.2,10.0,0.2761904761904762,0.41904761904761906,0.3409090909090909,2027,dosetwin_hybrid,42.5
145,0.23448275862068965,13.5,0.34285714285714286,0.5095238095238095,0.32710280373831774,2027,dosetwin_hybrid,45.0
145,0.3310344827586207,13.0,0.4095238095238095,0.6428571428571429,0.362962962962963,2027,dosetwin_hybrid,47.5
145,0.38620689655172413,13.0,0.4857142857142857,0.7761904761904762,0.37423312883435583,2027,dosetwin_hybrid,50.0
145,0.4689655172413793,15.5,0.6,0.9523809523809523,0.37,2027,dosetwin_hybrid,52.5
145,0.5517241379310345,17.5,0.7571428571428571,1.180952380952381,0.3588709677419355,2027,dosetwin_hybrid,55.0
145,0.6344827586206897,19.0,0.9857142857142858,1.5047619047619047,0.3449367088607595,2027,dosetwin_hybrid,57.5
145,0.6896551724137931,21.5,1.2523809523809524,1.8238095238095238,0.3133159268929504,2027,dosetwin_hybrid,60.0
145,0.7517241379310344,25.0,1.6,2.2333333333333334,0.2835820895522388,2027,dosetwin_hybrid,62.5
145,0.7931034482758621,27.0,1.9714285714285715,2.6809523809523808,0.26465364120781526,2027,dosetwin_hybrid,65.0
145,0.8137931034482758,29.5,2.3476190476190477,3.119047619047619,0.24732824427480915,2027,dosetwin_hybrid,67.5
145,0.8551724137931035,33.0,2.8476190476190477,3.7,0.23037323037323038,2027,dosetwin_hybrid,70.0
145,0.9103448275862069,34.0,3.419047619047619,4.3619047619047615,0.21615720524017468,2027,dosetwin_hybrid,72.5
145,0.9655172413793104,36.0,4.042857142857143,5.095238095238095,0.20654205607476636,2027,dosetwin_hybrid,75.0
145,0.9724137931034482,39.0,4.828571428571428,5.947619047619048,0.18815052041633307,2027,dosetwin_hybrid,77.5
145,0.9724137931034482,41.0,5.628571428571429,6.780952380952381,0.1699438202247191,2027,dosetwin_hybrid,80.0
145,0.9862068965517241,42.0,6.366666666666666,7.576190476190476,0.1596480201131364,2027,dosetwin_hybrid,82.5
145,1.0,42.0,7.228571428571429,8.466666666666667,0.14623172103487064,2027,dosetwin_hybrid,85.0
145,1.0,42.0,8.266666666666667,9.528571428571428,0.13243378310844578,2027,dosetwin_hybrid,87.5
145,1.0,43.0,9.18095238095238,10.466666666666667,0.12283894449499545,2027,dosetwin_hybrid,90.0
145,1.0,43.0,10.123809523809523,11.433333333333334,0.11453561016243231,2027,dosetwin_hybrid,92.5
145,1.0,43.0,11.104761904761904,12.428571428571429,0.10651340996168582,2027,dosetwin_hybrid,95.0
145,1.0,43.0,12.066666666666666,13.404761904761905,0.09982238010657193,2027,dosetwin_hybrid,97.5
145,1.0,44.0,13.114285714285714,14.461904761904762,0.09318406322028318,2027,dosetwin_hybrid,100.0
145,1.0,45.0,14.061904761904762,15.414285714285715,0.08773555761507569,2027,dosetwin_hybrid,102.5
145,1.0,45.0,15.10952380952381,16.48095238095238,0.08321294423577001,2027,dosetwin_hybrid,105.0
145,1.0,46.0,16.1,17.476190476190474,0.07874659400544959,2027,dosetwin_hybrid,107.5
145,1.0,46.0,16.957142857142856,18.32857142857143,0.07482462977396727,2027,dosetwin_hybrid,110.0
145,1.0,46.0,17.89047619047619,19.257142857142856,0.07096933728981207,2027,dosetwin_hybrid,112.5
145,1.0,45.0,18.98095238095238,20.347619047619048,0.06716592557921834,2027,dosetwin_hybrid,115.0
145,1.0,45.0,19.99047619047619,21.366666666666667,0.06440829061733898,2027,dosetwin_hybrid,117.5
145,1.0,46.0,20.895238095238096,22.271428571428572,0.06179174684626897,2027,dosetwin_hybrid,120.0
145,1.0,48.0,21.938095238095237,23.314285714285713,0.059027777777777776,2027,dosetwin_hybrid,122.5
145,1.0,46.0,22.904761904761905,24.285714285714285,0.056862745098039215,2027,dosetwin_hybrid,125.0
145,0.0,0.0,0.0,0.0,0.0,2027,lightgbm,-0.995
145,0.006896551724137931,35.0,0.0,0.004761904761904762,1.0,2027,lightgbm,-0.9783050847457627
145,0.013793103448275862,29.5,0.0,0.009523809523809525,1.0,2027,lightgbm,-0.9616101694915254
145,0.020689655172413793,34.0,0.0,0.014285714285714285,1.0,2027,lightgbm,-0.9449152542372882
145,0.034482758620689655,34.0,0.0,0.02857142857142857,1.0,2027,lightgbm,-0.9282203389830508
145,0.034482758620689655,34.0,0.0,0.03333333333333333,1.0,2027,lightgbm,-0.9115254237288135
145,0.06206896551724138,34.0,0.0,0.05238095238095238,1.0,2027,lightgbm,-0.8948305084745762
145,0.06206896551724138,34.0,0.004761904761904762,0.05714285714285714,0.9166666666666666,2027,lightgbm,-0.878135593220339
145,0.06206896551724138,34.0,0.004761904761904762,0.05714285714285714,0.9166666666666666,2027,lightgbm,-0.8614406779661017
145,0.07586206896551724,33.0,0.009523809523809525,0.08095238095238096,0.8823529411764706,2027,lightgbm,-0.8447457627118644
145,0.0896551724137931,33.0,0.009523809523809525,0.09523809523809523,0.9,2027,lightgbm,-0.8280508474576271
145,0.1103448275862069,33.0,0.014285714285714285,0.11904761904761904,0.88,2027,lightgbm,-0.8113559322033899
145,0.1310344827586207,33.0,0.014285714285714285,0.1380952380952381,0.896551724137931,2027,lightgbm,-0.7946610169491526
145,0.1310344827586207,33.0,0.014285714285714285,0.1380952380952381,0.896551724137931,2027,lightgbm,-0.7779661016949153
145,0.1310344827586207,34.0,0.014285714285714285,0.14285714285714285,0.9,2027,lightgbm,-0.7612711864406779
145,0.1310344827586207,37.0,0.023809523809523808,0.1523809523809524,0.84375,2027,lightgbm,-0.7445762711864407
145,0.15172413793103448,32.5,0.03333333333333333,0.1761904761904762,0.8108108108108109,2027,lightgbm,-0.7278813559322034
145,0.15172413793103448,33.0,0.047619047619047616,0.19047619047619047,0.75,2027,lightgbm,-0.7111864406779661
145,0.16551724137931034,34.0,0.05714285714285714,0.21428571428571427,0.7333333333333333,2027,lightgbm,-0.6944915254237288
145,0.1724137931034483,34.0,0.06666666666666667,0.22857142857142856,0.7083333333333334,2027,lightgbm,-0.6777966101694914
145,0.1724137931034483,34.0,0.08095238095238096,0.24285714285714285,0.6666666666666666,2027,lightgbm,-0.6611016949152542
145,0.1724137931034483,36.0,0.09523809523809523,0.26666666666666666,0.6428571428571429,2027,lightgbm,-0.6444067796610169
145,0.1793103448275862,35.0,0.10476190476190476,0.28095238095238095,0.6271186440677966,2027,lightgbm,-0.6277118644067796
145,0.19310344827586207,35.0,0.12857142857142856,0.319047619047619,0.5970149253731343,2027,lightgbm,-0.6110169491525423
145,0.21379310344827587,39.0,0.1380952380952381,0.3476190476190476,0.6027397260273972,2027,lightgbm,-0.5943220338983051
145,0.2206896551724138,38.5,0.14761904761904762,0.36666666666666664,0.5974025974025974,2027,lightgbm,-0.5776271186440678
145,0.23448275862068965,40.5,0.1523809523809524,0.38571428571428573,0.6049382716049383,2027,lightgbm,-0.5609322033898305
145,0.2413793103448276,41.0,0.16666666666666666,0.4095238095238095,0.5930232558139535,2027,lightgbm,-0.5442372881355932
145,0.2620689655172414,41.5,0.18095238095238095,0.44285714285714284,0.5913978494623656,2027,lightgbm,-0.527542372881356
145,0.2689655172413793,41.0,0.19523809523809524,0.4666666666666667,0.5816326530612245,2027,lightgbm,-0.5108474576271187
145,0.27586206896551724,40.0,0.20952380952380953,0.48095238095238096,0.5643564356435643,2027,lightgbm,-0.4941525423728813
145,0.2827586206896552,41.0,0.2523809523809524,0.5333333333333333,0.5267857142857143,2027,lightgbm,-0.47745762711864403
145,0.296551724137931,39.0,0.2619047619047619,0.5571428571428572,0.5299145299145299,2027,lightgbm,-0.46076271186440676
145,0.30344827586206896,39.0,0.29523809523809524,0.6047619047619047,0.5118110236220472,2027,lightgbm,-0.4440677966101695
145,0.32413793103448274,37.0,0.319047619047619,0.6428571428571429,0.5037037037037037,2027,lightgbm,-0.4273728813559322
145,0.3448275862068966,37.5,0.3333333333333333,0.6761904761904762,0.5070422535211268,2027,lightgbm,-0.41067796610169494
145,0.36551724137931035,38.0,0.3476190476190476,0.7238095238095238,0.5197368421052632,2027,lightgbm,-0.39398305084745766
145,0.38620689655172413,37.0,0.3761904761904762,0.7714285714285715,0.5123456790123457,2027,lightgbm,-0.3772881355932203
145,0.4068965517241379,36.0,0.4,0.8047619047619048,0.5029585798816568,2027,lightgbm,-0.360593220338983
145,0.4068965517241379,36.0,0.42857142857142855,0.8380952380952381,0.48863636363636365,2027,lightgbm,-0.3438983050847457
145,0.4413793103448276,37.0,0.4666666666666667,0.9047619047619048,0.4842105263157895,2027,lightgbm,-0.32720338983050845
145,0.4482758620689655,37.0,0.49523809523809526,0.9428571428571428,0.47474747474747475,2027,lightgbm,-0.3105084745762712
145,0.47586206896551725,36.0,0.5571428571428572,1.0333333333333334,0.4608294930875576,2027,lightgbm,-0.2938135593220339
145,0.503448275862069,37.0,0.6047619047619047,1.1142857142857143,0.45726495726495725,2027,lightgbm,-0.2771186440677966
145,0.5241379310344828,36.0,0.7,1.2380952380952381,0.4346153846153846,2027,lightgbm,-0.26042372881355924
145,0.5724137931034483,36.0,0.7523809523809524,1.3476190476190477,0.4416961130742049,2027,lightgbm,-0.24372881355932197
145,0.5724137931034483,38.0,0.8476190476190476,1.457142857142857,0.41830065359477125,2027,lightgbm,-0.2270338983050847
145,0.6,38.0,0.9523809523809523,1.5904761904761904,0.40119760479041916,2027,lightgbm,-0.21033898305084742
145,0.6275862068965518,38.0,1.0714285714285714,1.7285714285714286,0.38016528925619836,2027,lightgbm,-0.19364406779661014
145,0.6482758620689655,39.0,1.1666666666666667,1.8571428571428572,0.3717948717948718,2027,lightgbm,-0.17694915254237287
145,0.6758620689655173,38.5,1.3095238095238095,2.0428571428571427,0.358974358974359,2027,lightgbm,-0.1602542372881356
145,0.7172413793103448,39.0,1.4857142857142858,2.280952380952381,0.348643006263048,2027,lightgbm,-0.14355932203389832
145,0.7310344827586207,41.0,1.638095238095238,2.447619047619048,0.33073929961089493,2027,lightgbm,-0.12686440677966104
145,0.7379310344827587,41.0,1.861904761904762,2.6952380952380954,0.30918727915194344,2027,lightgbm,-0.11016949152542366
145,0.7655172413793103,41.0,2.1333333333333333,3.019047619047619,0.29337539432176657,2027,lightgbm,-0.09347457627118638
145,0.8275862068965517,41.0,2.6095238095238096,3.585714285714286,0.27224435590969454,2027,lightgbm,-0.07677966101694911
145,0.8551724137931035,43.0,3.0952380952380953,4.142857142857143,0.25287356321839083,2027,lightgbm,-0.06008474576271183
145,0.9103448275862069,43.0,3.842857142857143,4.995238095238095,0.23069590085795996,2027,lightgbm,-0.04338983050847456
145,0.9310344827586207,44.0,5.171428571428572,6.376190476190477,0.18894697535474234,2027,lightgbm,-0.026694915254237284
145,0.9586206896551724,45.0,8.404761904761905,9.69047619047619,0.13267813267813267,2027,lightgbm,-0.01
141,0.2198581560283688,23.0,0.2904761904761905,0.4380952380952381,0.33695652173913043,2028,cgm_trend_30,20.0
141,0.24113475177304963,25.5,0.32857142857142857,0.5095238095238095,0.35514018691588783,2028,cgm_trend_30,22.5
141,0.2907801418439716,25.0,0.4,0.6190476190476191,0.35384615384615387,2028,cgm_trend_30,25.0
141,0.3049645390070922,23.0,0.45714285714285713,0.6857142857142857,0.3333333333333333,2028,cgm_trend_30,27.5
141,0.3546099290780142,24.0,0.5238095238095238,0.7904761904761904,0.3373493975903614,2028,cgm_trend_30,30.0
141,0.41134751773049644,26.0,0.6476190476190476,0.9523809523809523,0.32,2028,cgm_trend_30,32.5
141,0.475177304964539,26.0,0.7380952380952381,1.0857142857142856,0.3201754385964912,2028,cgm_trend_30,35.0
141,0.5035460992907801,26.0,0.8714285714285714,1.2523809523809524,0.3041825095057034,2028,cgm_trend_30,37.5
141,0.5531914893617021,26.5,1.019047619047619,1.438095238095238,0.2913907284768212,2028,cgm_trend_30,40.0
141,0.5886524822695035,27.0,1.1952380952380952,1.6476190476190475,0.2745664739884393,2028,cgm_trend_30,42.5
141,0.6453900709219859,27.0,1.3904761904761904,1.8857142857142857,0.26262626262626265,2028,cgm_trend_30,45.0
141,0.6808510638297872,28.0,1.5809523809523809,2.1142857142857143,0.25225225225225223,2028,cgm_trend_30,47.5
141,0.7304964539007093,29.0,1.8714285714285714,2.4523809523809526,0.23689320388349513,2028,cgm_trend_30,50.0
141,0.8156028368794326,31.0,2.204761904761905,2.8904761904761904,0.2372322899505766,2028,cgm_trend_30,52.5
141,0.8652482269503546,31.0,2.5285714285714285,3.295238095238095,0.23265895953757226,2028,cgm_trend_30,55.0
141,0.8794326241134752,33.0,2.9761904761904763,3.8095238095238093,0.21875,2028,cgm_trend_30,57.5
141,0.9148936170212766,33.0,3.4285714285714284,4.333333333333333,0.2087912087912088,2028,cgm_trend_30,60.0
141,0.9432624113475178,36.0,3.9285714285714284,4.890476190476191,0.1966893865628043,2028,cgm_trend_30,62.5
141,0.9574468085106383,36.0,4.480952380952381,5.4714285714285715,0.18102697998259357,2028,cgm_trend_30,65.0
141,0.9645390070921985,37.0,5.023809523809524,6.033333333333333,0.16732438831886345,2028,cgm_trend_30,67.5
141,0.9858156028368794,38.0,5.59047619047619,6.652380952380953,0.15962777380100215,2028,cgm_trend_30,70.0
141,0.9858156028368794,38.0,6.185714285714286,7.285714285714286,0.15098039215686274,2028,cgm_trend_30,72.5
141,1.0,39.0,6.804761904761905,7.9523809523809526,0.144311377245509,2028,cgm_trend_30,75.0
141,1.0,40.0,7.566666666666666,8.733333333333333,0.13358778625954199,2028,cgm_trend_30,77.5
141,1.0,41.0,8.233333333333333,9.423809523809524,0.12632642748863063,2028,cgm_trend_30,80.0
141,1.0,41.0,8.995238095238095,10.223809523809523,0.12016767582673497,2028,cgm_trend_30,82.5
141,1.0,41.0,9.814285714285715,11.047619047619047,0.11163793103448276,2028,cgm_trend_30,85.0
141,1.0,42.0,10.552380952380952,11.80952380952381,0.1064516129032258,2028,cgm_trend_30,87.5
141,1.0,43.0,11.380952380952381,12.666666666666666,0.10150375939849623,2028,cgm_trend_30,90.0
141,1.0,43.0,12.2,13.504761904761905,0.09661495063469676,2028,cgm_trend_30,92.5
141,1.0,44.0,13.014285714285714,14.314285714285715,0.09081836327345309,2028,cgm_trend_30,95.0
141,1.0,44.0,13.952380952380953,15.257142857142858,0.08551810237203496,2028,cgm_trend_30,97.5
141,1.0,44.0,14.814285714285715,16.11904761904762,0.08094534711964549,2028,cgm_trend_30,100.0
141,1.0,44.0,15.761904761904763,17.071428571428573,0.07670850767085077,2028,cgm_trend_30,102.5
141,1.0,45.0,16.590476190476192,17.904761904761905,0.07340425531914893,2028,cgm_trend_30,105.0
141,1.0,44.0,17.495238095238093,18.804761904761904,0.06963788300835655,2028,cgm_trend_30,107.5
141,1.0,45.0,18.36190476190476,19.68095238095238,0.06702153399467699,2028,cgm_trend_30,110.0
141,1.0,45.0,19.261904761904763,20.576190476190476,0.06387410321684796,2028,cgm_trend_30,112.5
141,1.0,45.0,20.061904761904763,21.385714285714286,0.06190158093965709,2028,cgm_trend_30,115.0
141,1.0,46.0,20.923809523809524,22.252380952380953,0.059704686496897065,2028,cgm_trend_30,117.5
141,1.0,46.0,21.766666666666666,23.095238095238095,0.05752577319587629,2028,cgm_trend_30,120.0
141,0.014184397163120567,13.5,0.0,0.009523809523809525,1.0,2028,twin_40,40.0
141,0.014184397163120567,13.5,0.009523809523809525,0.01904761904761905,0.5,2028,twin_40,42.5
141,0.0425531914893617,6.0,0.014285714285714285,0.04285714285714286,0.6666666666666666,2028,twin_40,45.0
141,0.09219858156028368,6.0,0.0380952380952381,0.10476190476190476,0.6363636363636364,2028,twin_40,47.5
141,0.1347517730496454,11.0,0.06190476190476191,0.15714285714285714,0.6060606060606061,2028,twin_40,50.0
141,0.1702127659574468,15.0,0.10952380952380952,0.23809523809523808,0.54,2028,twin_40,52.5
141,0.18439716312056736,18.5,0.1619047619047619,0.3,0.4603174603174603,2028,twin_40,55.0
141,0.22695035460992907,21.0,0.2761904761904762,0.4523809523809524,0.3894736842105263,2028,twin_40,57.5
141,0.2765957446808511,22.0,0.4142857142857143,0.6333333333333333,0.3458646616541353,2028,twin_40,60.0
141,0.40425531914893614,21.0,0.6047619047619047,0.9380952380952381,0.3553299492385787,2028,twin_40,62.5
141,0.48226950354609927,23.0,0.9142857142857143,1.3333333333333333,0.3142857142857143,2028,twin_40,65.0
141,0.5886524822695035,25.0,1.2857142857142858,1.8047619047619048,0.287598944591029,2028,twin_40,67.5
141,0.6879432624113475,25.0,1.723809523809524,2.3380952380952382,0.26272912423625255,2028,twin_40,70.0
141,0.8014184397163121,27.0,2.2142857142857144,2.961904761904762,0.25241157556270094,2028,twin_40,72.5
141,0.8865248226950354,31.0,2.7857142857142856,3.6666666666666665,0.24025974025974026,2028,twin_40,75.0
141,0.9078014184397163,32.0,3.466666666666667,4.40952380952381,0.21382289416846653,2028,twin_40,77.5
141,0.9432624113475178,35.0,4.161904761904762,5.180952380952381,0.19669117647058823,2028,twin_40,80.0
141,0.9645390070921985,36.5,4.966666666666667,6.076190476190476,0.18260188087774296,2028,twin_40,82.5
141,0.9645390070921985,38.0,5.8428571428571425,6.976190476190476,0.16245733788395905,2028,twin_40,85.0
141,0.9787234042553191,40.0,6.8428571428571425,8.019047619047619,0.14667458432304037,2028,twin_40,87.5
141,0.9929078014184397,42.0,7.728571428571429,8.928571428571429,0.1344,2028,twin_40,90.0
141,0.9929078014184397,43.0,8.647619047619047,9.861904761904762,0.12312892322549493,2028,twin_40,92.5
141,1.0,43.0,9.657142857142857,10.914285714285715,0.11518324607329843,2028,twin_40,95.0
141,1.0,42.0,10.709523809523809,11.971428571428572,0.10540970564836913,2028,twin_40,97.5
141,1.0,43.0,11.823809523809524,13.123809523809523,0.09905660377358491,2028,twin_40,100.0
141,1.0,44.0,12.780952380952382,14.085714285714285,0.09263015551048005,2028,twin_40,102.5
141,1.0,44.0,13.833333333333334,15.138095238095238,0.08619062598301352,2028,twin_40,105.0
141,1.0,45.0,14.952380952380953,16.271428571428572,0.0810652619256658,2028,twin_40,107.5
141,1.0,45.0,16.057142857142857,17.376190476190477,0.07591120855028775,2028,twin_40,110.0
141,1.0,45.0,17.12857142857143,18.457142857142856,0.07198142414860681,2028,twin_40,112.5
141,1.0,46.0,18.071428571428573,19.409523809523808,0.06894013738959764,2028,twin_40,115.0
141,1.0,47.0,19.21904761904762,20.557142857142857,0.0650914987259671,2028,twin_40,117.5
141,1.0,45.0,20.32857142857143,21.666666666666668,0.06175824175824176,2028,twin_40,120.0
141,1.0,45.0,21.35238095238095,22.69047619047619,0.05897166841552991,2028,twin_40,122.5
141,1.0,44.0,22.514285714285716,23.85238095238095,0.0560990217608305,2028,twin_40,125.0
141,1.0,43.0,23.590476190476192,24.933333333333334,0.05385790679908327,2028,twin_40,127.5
141,1.0,45.0,24.576190476190476,25.919047619047618,0.051809663788352014,2028,twin_40,130.0
141,0.09219858156028368,17.0,0.05714285714285714,0.11904761904761904,0.52,2028,dosetwin_hybrid,30.0
141,0.11347517730496454,18.5,0.09047619047619047,0.16666666666666666,0.45714285714285713,2028,dosetwin_hybrid,32.5
141,0.14893617021276595,17.0,0.10476190476190476,0.20476190476190476,0.4883720930232558,2028,dosetwin_hybrid,35.0
141,0.15602836879432624,20.0,0.1380952380952381,0.24761904761904763,0.4423076923076923,2028,dosetwin_hybrid,37.5
141,0.18439716312056736,21.0,0.1761904761904762,0.30952380952380953,0.4307692307692308,2028,dosetwin_hybrid,40.0
141,0.19858156028368795,21.0,0.22857142857142856,0.37142857142857144,0.38461538461538464,2028,dosetwin_hybrid,42.5
141,0.2765957446808511,21.0,0.29523809523809524,0.49523809523809526,0.40384615384615385,2028,dosetwin_hybrid,45.0
141,0.3049645390070922,22.0,0.43333333333333335,0.6571428571428571,0.34057971014492755,2028,dosetwin_hybrid,47.5
141,0.3900709219858156,22.0,0.5476190476190477,0.8380952380952381,0.3465909090909091,2028,dosetwin_hybrid,50.0
141,0.46808510638297873,25.0,0.6666666666666666,1.0142857142857142,0.3427230046948357,2028,dosetwin_hybrid,52.5
141,0.524822695035461,25.0,0.8095238095238095,1.223809523809524,0.33852140077821014,2028,dosetwin_hybrid,55.0
141,0.624113475177305,26.0,0.9714285714285714,1.4714285714285715,0.33980582524271846,2028,dosetwin_hybrid,57.5
141,0.7375886524822695,27.0,1.3095238095238095,1.9190476190476191,0.3176178660049628,2028,dosetwin_hybrid,60.0
141,0.8368794326241135,28.5,1.7047619047619047,2.414285714285714,0.2938856015779093,2028,dosetwin_hybrid,62.5
141,0.851063829787234,30.0,2.1,2.861904761904762,0.26622296173044924,2028,dosetwin_hybrid,65.0
141,0.8936170212765957,31.0,2.5761904761904764,3.414285714285714,0.24546722454672246,2028,dosetwin_hybrid,67.5
141,0.9361702127659575,32.0,3.1,4.019047619047619,0.22867298578199052,2028,dosetwin_hybrid,70.0
141,0.9432624113475178,36.0,3.7476190476190476,4.742857142857143,0.20983935742971888,2028,dosetwin_hybrid,72.5
141,0.9645390070921985,36.5,4.333333333333333,5.385714285714286,0.19540229885057472,2028,dosetwin_hybrid,75.0
141,1.0,38.0,5.019047619047619,6.133333333333334,0.18167701863354038,2028,dosetwin_hybrid,77.5
141,1.0,38.0,5.8238095238095235,7.0,0.16802721088435374,2028,dosetwin_hybrid,80.0
141,1.0,41.0,6.576190476190476,7.795238095238095,0.1563836285888821,2028,dosetwin_hybrid,82.5
141,1.0,42.0,7.423809523809524,8.676190476190476,0.14434687156970363,2028,dosetwin_hybrid,85.0
141,1.0,42.0,8.342857142857143,9.619047619047619,0.13267326732673268,2028,dosetwin_hybrid,87.5
141,1.0,42.0,9.266666666666667,10.557142857142857,0.12223725755525484,2028,dosetwin_hybrid,90.0
141,1.0,43.0,10.204761904761904,11.50952380952381,0.1133636739760033,2028,dosetwin_hybrid,92.5
141,1.0,43.0,11.152380952380952,12.461904761904762,0.10508215513947268,2028,dosetwin_hybrid,95.0
141,1.0,44.0,12.071428571428571,13.385714285714286,0.09818569903948772,2028,dosetwin_hybrid,97.5
141,1.0,43.0,13.09047619047619,14.40952380952381,0.09153998678122935,2028,dosetwin_hybrid,100.0
141,1.0,45.0,14.00952380952381,15.333333333333334,0.08633540372670807,2028,dosetwin_hybrid,102.5
141,1.0,45.0,15.09047619047619,16.414285714285715,0.08064984044096316,2028,dosetwin_hybrid,105.0
141,1.0,45.0,16.076190476190476,17.4,0.07608100711548987,2028,dosetwin_hybrid,107.5
141,1.0,46.0,17.057142857142857,18.385714285714286,0.07226107226107226,2028,dosetwin_hybrid,110.0
141,1.0,46.0,18.061904761904763,19.395238095238096,0.06874539651362632,2028,dosetwin_hybrid,112.5
141,1.0,45.0,19.038095238095238,20.37142857142857,0.06545114539504442,2028,dosetwin_hybrid,115.0
141,1.0,45.0,20.047619047619047,21.385714285714286,0.06256958361166778,2028,dosetwin_hybrid,117.5
141,1.0,45.0,21.0,22.33809523809524,0.05990193988488595,2028,dosetwin_hybrid,120.0
141,1.0,46.0,21.904761904761905,23.242857142857144,0.05757017004712149,2028,dosetwin_hybrid,122.5
141,1.0,46.0,22.857142857142858,24.2,0.05548996458087367,2028,dosetwin_hybrid,125.0
141,0.0070921985815602835,23.0,0.0,0.004761904761904762,1.0,2028,lightgbm,-0.995
141,0.0070921985815602835,23.0,0.004761904761904762,0.009523809523809525,0.5,2028,lightgbm,-0.9783050847457627
141,0.014184397163120567,24.0,0.004761904761904762,0.014285714285714285,0.6666666666666666,2028,lightgbm,-0.9616101694915254
141,0.014184397163120567,24.0,0.009523809523809525,0.01904761904761905,0.5,2028,lightgbm,-0.9449152542372882
141,0.02127659574468085,33.0,0.009523809523809525,0.02857142857142857,0.6666666666666666,2028,lightgbm,-0.9282203389830508
141,0.03546099290780142,30.0,0.014285714285714285,0.04285714285714286,0.6666666666666666,2028,lightgbm,-0.9115254237288135
141,0.03546099290780142,33.0,0.014285714285714285,0.04285714285714286,0.6666666666666666,2028,lightgbm,-0.8948305084745762
141,0.0425531914893617,31.5,0.014285714285714285,0.047619047619047616,0.7,2028,lightgbm,-0.878135593220339
141,0.06382978723404255,20.0,0.014285714285714285,0.06190476190476191,0.7692307692307693,2028,lightgbm,-0.8614406779661017
141,0.06382978723404255,21.0,0.01904761904761905,0.07142857142857142,0.7333333333333333,2028,lightgbm,-0.8447457627118644
141,0.06382978723404255,21.0,0.023809523809523808,0.0761904761904762,0.6875,2028,lightgbm,-0.8280508474576271
141,0.09219858156028368,30.0,0.023809523809523808,0.09523809523809523,0.75,2028,lightgbm,-0.8113559322033899
141,0.09219858156028368,30.0,0.03333333333333333,0.10476190476190476,0.6818181818181818,2028,lightgbm,-0.7946610169491526
141,0.10638297872340426,30.0,0.0380952380952381,0.11904761904761904,0.68,2028,lightgbm,-0.7779661016949153
141,0.10638297872340426,27.0,0.04285714285714286,0.12380952380952381,0.6538461538461539,2028,lightgbm,-0.7612711864406779
141,0.11347517730496454,26.5,0.047619047619047616,0.13333333333333333,0.6428571428571429,2028,lightgbm,-0.7445762711864407
141,0.1276595744680851,26.5,0.047619047619047616,0.14761904761904762,0.6774193548387096,2028,lightgbm,-0.7278813559322034
141,0.14184397163120568,25.5,0.06190476190476191,0.1761904761904762,0.6486486486486487,2028,lightgbm,-0.7111864406779661
141,0.16312056737588654,26.0,0.06666666666666667,0.19523809523809524,0.6585365853658537,2028,lightgbm,-0.6944915254237288
141,0.16312056737588654,27.0,0.07142857142857142,0.20476190476190476,0.6511627906976745,2028,lightgbm,-0.6777966101694914
141,0.15602836879432624,27.5,0.08095238095238096,0.20952380952380953,0.6136363636363636,2028,lightgbm,-0.6611016949152542
141,0.16312056737588654,28.0,0.08095238095238096,0.21428571428571427,0.6222222222222222,2028,lightgbm,-0.6444067796610169
141,0.18439716312056736,32.0,0.09047619047619047,0.23809523809523808,0.62,2028,lightgbm,-0.6277118644067796
141,0.18439716312056736,32.0,0.1,0.24761904761904763,0.5961538461538461,2028,lightgbm,-0.6110169491525423
141,0.19858156028368795,32.0,0.11428571428571428,0.2714285714285714,0.5789473684210527,2028,lightgbm,-0.5943220338983051
141,0.2127659574468085,29.5,0.12857142857142856,0.29523809523809524,0.5645161290322581,2028,lightgbm,-0.5776271186440678
141,0.23404255319148937,32.0,0.1380952380952381,0.3238095238095238,0.5735294117647058,2028,lightgbm,-0.5609322033898305
141,0.2553191489361702,36.5,0.14285714285714285,0.3476190476190476,0.589041095890411,2028,lightgbm,-0.5442372881355932
141,0.2765957446808511,36.0,0.1619047619047619,0.3904761904761905,0.5853658536585366,2028,lightgbm,-0.527542372881356
141,0.2907801418439716,37.0,0.1761904761904762,0.4142857142857143,0.5747126436781609,2028,lightgbm,-0.5108474576271187
141,0.3049645390070922,36.0,0.19047619047619047,0.4380952380952381,0.5652173913043478,2028,lightgbm,-0.4941525423728813
141,0.3120567375886525,34.5,0.2,0.45714285714285713,0.5625,2028,lightgbm,-0.47745762711864403
141,0.3191489361702128,37.0,0.23333333333333334,0.49523809523809526,0.5288461538461539,2028,lightgbm,-0.46076271186440676
141,0.3333333333333333,37.0,0.2523809523809524,0.5285714285714286,0.5225225225225225,2028,lightgbm,-0.4440677966101695
141,0.3475177304964539,37.0,0.2761904761904762,0.5714285714285714,0.5166666666666667,2028,lightgbm,-0.4273728813559322
141,0.3546099290780142,35.0,0.29523809523809524,0.6,0.5079365079365079,2028,lightgbm,-0.41067796610169494
141,0.36879432624113473,35.5,0.32857142857142857,0.6571428571428571,0.5,2028,lightgbm,-0.39398305084745766
141,0.375886524822695,37.0,0.34285714285714286,0.680952380952381,0.4965034965034965,2028,lightgbm,-0.3772881355932203
141,0.40425531914893614,38.0,0.3761904761904762,0.7333333333333333,0.487012987012987,2028,lightgbm,-0.360593220338983
141,0.425531914893617,38.0,0.38571428571428573,0.7666666666666667,0.4968944099378882,2028,lightgbm,-0.3438983050847457
141,0.475177304964539,37.0,0.41904761904761906,0.8333333333333334,0.49714285714285716,2028,lightgbm,-0.32720338983050845
141,0.48226950354609927,37.5,0.4380952380952381,0.861904761904762,0.49171270718232046,2028,lightgbm,-0.3105084745762712
141,0.48936170212765956,37.0,0.4523809523809524,0.8904761904761904,0.4919786096256685,2028,lightgbm,-0.2938135593220339
141,0.5177304964539007,37.0,0.5,0.9571428571428572,0.47761194029850745,2028,lightgbm,-0.2771186440677966
141,0.5319148936170213,37.0,0.5666666666666667,1.042857142857143,0.45662100456621,2028,lightgbm,-0.26042372881355924
141,0.524822695035461,37.0,0.6333333333333333,1.1142857142857143,0.43162393162393164,2028,lightgbm,-0.24372881355932197
141,0.5390070921985816,38.0,0.6714285714285714,1.1857142857142857,0.43373493975903615,2028,lightgbm,-0.2270338983050847
141,0.5602836879432624,40.0,0.7428571428571429,1.2857142857142858,0.4222222222222222,2028,lightgbm,-0.21033898305084742
141,0.5957446808510638,40.0,0.8428571428571429,1.4333333333333333,0.4119601328903654,2028,lightgbm,-0.19364406779661014
141,0.6312056737588653,39.0,0.9380952380952381,1.5666666666666667,0.4012158054711246,2028,lightgbm,-0.17694915254237287
141,0.6382978723404256,41.0,1.0,1.6714285714285715,0.4017094017094017,2028,lightgbm,-0.1602542372881356
141,0.6595744680851063,41.0,1.1333333333333333,1.838095238095238,0.38341968911917096,2028,lightgbm,-0.14355932203389832
141,0.6950354609929078,40.5,1.2523809523809524,1.9952380952380953,0.3723150357995227,2028,lightgbm,-0.12686440677966104
141,0.75177304964539,40.5,1.4333333333333333,2.238095238095238,0.3595744680851064,2028,lightgbm,-0.11016949152542366
141,0.7588652482269503,42.0,1.661904761904762,2.4857142857142858,0.3314176245210728,2028,lightgbm,-0.09347457627118638
141,0.7943262411347518,41.5,1.9666666666666666,2.8380952380952382,0.3070469798657718,2028,lightgbm,-0.07677966101694911
141,0.8368794326241135,43.0,2.419047619047619,3.376190476190476,0.2834978843441467,2028,lightgbm,-0.06008474576271183
141,0.8794326241134752,43.0,3.0761904761904764,4.085714285714285,0.24708624708624707,2028,lightgbm,-0.04338983050847456
141,0.9078014184397163,42.0,4.3238095238095235,5.419047619047619,0.20210896309314588,2028,lightgbm,-0.026694915254237284
141,0.9787234042553191,42.0,7.433333333333334,8.69047619047619,0.14465753424657535,2028,lightgbm,-0.01
