seed,patient,cr_prescribed,cr_twin,cr_true,cf_prescribed,cf_twin,cf_true,sleep_sens_true,egfr_lab,clearance_true,theta_log_SI,theta_Gb,theta_log_fc,theta_log_tm,theta_log_ti,theta_alpha,theta_dawn,theta_log_SG,theta_beta_sleep
2026,adolescent#001,12.7,22.510008635472015,24.53036840925608,11.4,20.91856140075285,15.931135247655817,0.04980591800960075,103.0,1.0,1.3325734837484629,136.03561406339458,-1.3223365646341343,4.500037255932663,4.490399903973933,3.0127623752603965,0.7999998879777431,-4.883199010030897,0.04999546975800048
2026,adolescent#002,3.8,3.673889504536614,4.837180154675869,17.0,13.83568442395648,13.765383827632832,0.03655063691580281,97.0,1.0,1.2176620938712057,138.82373115440853,0.5341714569104025,4.515799967728963,4.787491742782045,10.955277212630966,6.617885389725306e-18,-4.264622391818611,1.6169009025053178e-15
2026,adolescent#003,26.7,19.871008886782548,25.855424448432114,36.8,35.51699390491456,43.49639153088586,0.05783734102082687,107.0,1.0,1.0650048073581382,111.45176213688386,-1.1681155085454182,3.840166254458445,4.1507193380332685,8.18081326628696,0.20246457948475638,-5.451461223822346,0.10236601930801237
2026,adolescent#004,14.6,12.069238399534422,13.427234797707186,20.6,18.80391535827971,26.92766724191779,0.08174903984235422,105.0,1.0,0.5840248804794221,146.1074971077617,-1.4452800378956754,3.793680056914743,4.672617587060961,9.658307775708055,0.10031234585437232,-5.630148787194738,2.4536147568661796e-07
2026,adolescent#005,14.9,15.135594727580889,14.971526985460178,22.1,39.78958551804672,23.848053777845323,0.037359202317442455,91.0,1.0,1.2646939364450727,153.60737852331303,-0.6970153668620768,3.9644139042839,4.314937014036674,3.0209483723841895,0.26731255213823923,-5.486752425149612,0.08463608484846617
2026,adolescent#006,6.8,8.91256018056768,10.865359719539448,16.5,10.418124566231938,8.053135744603395,0.04505350618682756,114.0,1.0,0.4868126795490146,143.46361909886005,-0.9789744535106133,3.7185730875391694,3.302934348227046,11.99999999998497,0.43775514338310373,-4.7968577779144494,0.049858851842973326
2026,adolescent#007,7.3,3.442574005387882,8.835442415097356,12.3,7.889438740318241,11.638486433701388,0.04114815292308088,82.0,0.9980724019887826,-0.49294119165261235,70.00249253704847,-0.7229802905745699,3.81032951149929,4.010246235850483,11.999999999974353,0.7999999669302444,-5.061240408207395,0.06442595677799587
2026,adolescent#008,4.3,3.3113958150420224,4.942043807092225,11.9,10.961050605559876,11.568229893111294,0.04920874690031252,102.0,1.0,-0.1434886200573117,112.03552943294348,-0.5229677312895409,4.04801198108631,4.118568610330626,9.347553669362984,0.6451788816092969,-5.167091050868106,0.04973139981224951
2026,adolescent#009,27.2,18.961773189093336,29.284131058501256,25.8,35.97968169914523,23.113482235980214,0.05874033793270794,102.0,1.0,1.3492779626073335,149.94616336115962,-0.8573610161463487,4.05264859945383,4.431394611187447,11.199229532169948,0.20382457522445616,-5.08246068875056,1.7879737416545e-16
2026,adolescent#010,16.9,8.555778280409966,15.793119946534524,29.8,22.98193242082786,41.858318878720965,0.034866857855273214,114.0,1.0,0.3126526863218445,158.36507897971592,-1.3083853772806497,3.9963924695349764,3.733746472582068,9.748205581686353,0.1007809747737887,-6.085194869634725,0.05021868820566226
2026,adult#001,10.9,9.51388625718228,7.243465398670702,10.1,19.46526852306465,9.06593398291804,0.08403836850193777,76.0,0.9677264151992487,1.4150102601181473,148.23608410955015,-0.5921033706034454,4.271342640868381,4.787491742779339,3.029157550289724,7.449951684380395e-16,-5.671284667989366,0.0679390247151059
2026,adult#002,8.0,10.042965154789016,9.120736192187534,8.1,9.70063004949364,8.859621889162952,0.08229718689365174,38.0,0.8211064648179174,1.0006612112395825,102.94672584030931,-0.954112634559256,4.112119236824673,4.787491742772281,3.1233531090272586,0.12523654704571252,-5.127346884926343,0.18870654760204567
2026,adult#003,11.0,12.788342181068622,9.381468218828036,15.5,18.17042307431234,18.444793894425118,0.030399883965223567,82.0,0.9829067840131832,1.3881617346209612,153.81214076633702,-0.6255636886179317,4.3097408528844126,4.004180476131798,11.999997035615623,0.1031182002537794,-4.806353067650147,0.05
2026,adult#004,12.8,28.968496824634805,23.30002491922734,46.1,21.443720948219266,36.64733096256691,0.061739989397947705,92.0,1.0,1.0509690661786921,111.1400434911757,-1.4223404998926696,3.437657521869772,3.6900955342037514,11.999999999999998,0.2067404058540668,-5.184423274563018,0.0819683717653832
2026,adult#005,5.4,7.817182423746846,5.623311204008576,9.5,9.757761316684139,8.39428224006295,0.0463273668175932,85.0,0.9856946612585121,0.25767295547674235,144.3273706792362,-1.2485457205527575,3.903853470793883,3.8989386654234197,5.081675133103498,0.09933648170229871,-5.681484990092977,0.07513991407901355
2026,adult#006,10.3,13.307643584277661,10.120073400954116,19.8,20.38437985921439,20.717857244935956,0.05766296123196545,50.0,0.8691752550162447,0.9498041331495929,92.251169152956,-1.217992921692197,4.2368663029591405,4.521540099309665,2.9977763759845653,0.1040827822691114,-5.437772366135484,0.05083824181268569
2026,adult#007,21.5,42.45410776715416,28.404683178139987,22.8,37.11715125037168,34.68886670140466,0.04028441026767896,82.0,0.9969271111088874,2.4839745520105807,100.31380401798198,-0.6128066582722314,4.254797421336904,4.385002614217179,3.7183778632106104,0.10069060754369602,-4.6181537869783895,0.050049210584066854
2026,adult#008,15.9,25.432502921626696,18.372222924321676,14.0,18.779911756285827,13.226294093212175,0.04430807374632348,49.0,0.8706457931609064,1.9547512604689599,161.27035716219012,-0.9145127728705575,4.679954076386353,4.7829499356786505,11.999999999999998,0.5847299536173052,-4.616313891125876,0.049583927551060517
2026,adult#009,6.1,2.2123731445931463,3.4577745109072984,6.7,4.920122988856434,7.789403994305275,0.036260640654826905,73.0,0.9740636335250251,-0.1475043431178382,121.14579693682695,-0.5247187076995524,4.614805833242456,3.984952332477109,11.596954652353197,2.2171992399477083e-15,-4.875528990406443,0.13160129257752354
2026,adult#010,5.1,6.837551952162356,6.606751298063154,10.0,13.004379614758363,11.562939811508159,0.08428719756275421,116.0,1.0,0.8380451175963245,192.34028103694962,-0.5546404315959683,4.22665121239722,4.625076237794519,11.450356661331938,0.09806398863196884,-5.054921120510755,1.787803612380096e-07
2026,child#001,29.7,65.83741310020334,43.594978385414684,55.3,60.82991666933434,87.2152144821026,0.057624519377985045,119.0,1.0,1.6132975330244972,122.8522626717179,-1.5621014258727526,2.883042813853559,3.30435503157486,3.0500987846529415,0.10019187669977173,-5.510769826366894,0.12759025186845102
2026,child#002,21.5,30.496720010316267,24.877138413397592,40.0,65.10576941795124,58.984231275152425,0.03595241777841223,94.0,1.0,1.2653810003895507,114.57302613253322,-1.6094379124340998,4.133560574683012,4.322279865342359,2.996227299046887,9.575320606600593e-15,-5.7529955137119355,0.04987495199244895
2026,child#003,22.0,21.39260872640505,14.690837169644647,36.3,16.511103029968098,40.53917585260906,0.08164793156967703,41.0,0.8626560806582642,1.4295443239148649,74.17813666790538,-0.6547242066741054,3.585553347770072,3.218875824868201,3.005264540324423,0.032556062082403255,-4.505491127306794,0.04954555828395739
2026,child#004,25.9,73.4548235906971,58.58823236175489,51.0,81.36620584230212,94.72444518447718,0.04182518786197204,111.0,1.0,2.0992688401922917,137.7974092867751,-1.381107823039429,3.6789190270512666,3.716615802334634,3.0173844407019987,0.1434932782330638,-5.398483611224987,0.05008301900568374
2026,child#005,6.4,9.72807383303267,13.839758915196546,29.7,21.724157460033325,50.97863359654308,0.05880728959195619,125.0,1.0,1.0669331410215483,70.00000000000001,-0.727896504564483,4.3286530187366195,3.904971963323351,3.054800454630828,0.1897967165128078,-4.608443889847932,0.016718519595911682
2026,child#006,15.9,35.21938639256855,24.38951924530914,46.5,42.998196423225494,58.534049705251164,0.04814634214611685,106.0,1.0,1.3753285591439586,108.32970433339598,-1.228693815936846,3.4550100653902973,3.626454050692533,6.586366089530621,0.4840433519680951,-5.306343276311396,0.049634303330082646
2026,child#007,7.5,10.793669259436626,13.931554211636856,30.6,32.89597399425875,30.852693288841394,0.07238957126072432,123.0,1.0,0.6914541283362606,104.75478965860171,-1.2129640175032257,4.147166541676436,3.740072461985755,8.419245164450954,0.24014303988563943,-6.038993016551138,0.2328309929734192
2026,child#008,13.5,12.166376213351324,20.97052242569492,28.4,30.85609233177985,43.34060889536383,0.03965634863421599,111.0,1.0,0.42917748126402505,108.06664855726495,-0.8871820376039757,3.398159374269419,4.554296030493517,3.009420688998266,0.2976194668648423,-5.382458650633663,0.05040539951604187
2026,child#009,27.9,113.41788307948859,77.51308271981968,40.1,66.3359327102056,49.339030506024145,0.032366628953946944,112.0,1.0,2.522393055934036,132.65971409555863,-0.9708419682149172,3.7088192260653043,4.004696695645485,4.340642060737717,0.20108995924346731,-4.591040233270624,0.04997923093795673
2026,child#010,14.3,27.523433093895317,33.553093650977,23.6,44.83034883989575,42.14886714164446,0.043999144903177634,85.0,0.9857783092998965,1.270927649823168,135.49475844516934,-0.7727806338755192,3.402607890013422,4.0020744165072974,5.862655920514588,0.3454348997546847,-5.2121362795647945,0.04971893913240136
2027,adolescent#001,14.1,36.89658920521092,24.53036840925608,11.3,19.99563212958077,15.931135247655817,0.08006944867718807,70.0,0.9313268997205107,1.5426416342185798,133.0648969086632,-1.554175439036428,4.3136047663026735,4.625092192737812,3.0152057013718347,0.18137423010413656,-4.612310345408758,0.05012709733339835
2027,adolescent#002,5.4,2.47720877542963,4.837180154675869,12.7,5.556498269675899,13.765383827632832,0.07712208543393553,118.0,1.0,0.06565087153933989,90.36236733451152,-0.2669473841440561,4.036362465942446,3.6142085725261817,3.005753811649149,0.08427788965922352,-4.57602216701623,0.10001428463163987
2027,adolescent#003,19.2,24.027326894234957,25.855424448432114,40.1,38.06276607090197,43.49639153088586,0.08886127575234008,98.0,1.0,0.9126071656920149,129.743602788921,-1.6094379124341,3.7047472557944716,3.9323590870669367,11.999999999999998,0.09858010289089116,-5.884200976037083,0.10625800816176917
2027,adolescent#004,13.0,7.66769531477668,13.427234797707186,16.8,23.012525945209916,26.92766724191779,0.03250156155335002,56.0,0.9106238284838878,0.4978382833465489,85.61980500587165,-0.8428932418425461,3.9029360646469775,3.8611841221047962,11.999999999999998,0.10543522862342025,-5.75527053607974,0.04980799699780521
2027,adolescent#005,10.7,10.505010533478924,14.971526985460178,25.0,36.13351792751021,23.848053777845323,0.047837018195258256,121.0,1.0,0.841393352449907,164.0577225664463,-0.7743228502766208,3.7943670152202067,4.244748675482258,11.999999999998401,0.10024803326930742,-6.239726741142667,0.049144934933006874
2027,adolescent#006,6.7,7.981694267431943,10.865359719539448,22.2,11.007583576757554,8.053135744603395,0.07797658596167208,80.0,0.9810043297329188,0.7305405898437045,140.4243841562098,-0.7870314614481699,3.9346145356094704,3.4482050578122085,11.999984586012419,0.5027521756696979,-4.612122917044179,0.056774903829352595
2027,adolescent#007,6.5,3.0737218574973686,8.835442415097356,11.3,11.054784223534114,11.638486433701388,0.053225735989503475,118.0,1.0,-0.08967887651986874,70.00036149563688,-0.1907650037950376,3.9847157016546264,4.212984394308389,2.9897481133169737,0.00034736361489199155,-4.994372847311404,3.635139591669861e-10
2027,adolescent#008,3.5,3.3927012829802723,4.942043807092225,11.5,6.444400016129265,11.568229893111294,0.05619786435262278,61.0,0.9172847867734674,-0.39517062533250813,125.17354157563426,-0.6112087064299938,3.9298624926108374,4.343391441306909,10.916937142356986,0.2760482787108584,-4.787898817627174,8.279857725163026e-13
2027,adolescent#009,19.6,21.287024555209193,29.284131058501256,18.2,29.900058591201883,23.113482235980214,0.0519320495120755,120.0,1.0,1.2220218404731364,132.26010962132068,-1.0642085944671253,3.991737734674449,4.4376835036445,3.241048480328352,0.3253379185456874,-4.954461842339537,0.05024155311244094
2027,adolescent#010,17.5,15.996753961480117,15.793119946534524,37.5,32.581909402288176,41.858318878720965,0.06928271916238277,101.0,1.0,0.9979572373121675,180.95108193808673,-1.3121856737464563,4.389016591104628,4.330184982697458,3.078001787492785,0.18398952825073348,-5.573357564085628,0.15478307180259226
2027,adult#001,7.7,9.451708506072206,7.243465398670702,7.1,10.447882263664468,9.06593398291804,0.05760348663669478,72.0,0.9655582245572709,0.8168475394089837,158.32148866358904,-1.0356712414476248,3.6919863526480743,4.787491742717792,11.999999999847724,3.4749513285684004e-15,-5.513525205182012,0.18188137083627615
2027,adult#002,10.2,5.959281201198004,9.120736192187534,7.5,8.915491727040518,8.859621889162952,0.06125723004004391,129.0,1.0,0.475394085218859,82.01546527636953,-0.7826482807571711,4.155628614130647,4.052770403469336,5.77689177879922,2.4831074363703476e-19,-5.414226722566227,0.050204110130977773
2027,adult#003,9.0,10.56193944029649,9.381468218828036,21.5,16.006062475123997,18.444793894425118,0.033016994107898004,108.0,1.0,1.480525985668072,135.39498405959978,-0.3375156973052256,4.333525608303518,4.003040336587893,11.597847286487266,0.395870251671649,-4.580127350633225,0.10444304817539142
2027,adult#004,16.9,23.438607523119188,23.30002491922734,43.0,27.95912205394714,36.64733096256691,0.03726739351603788,59.0,0.8867783536180553,1.055622798307586,125.08712075437289,-1.3491585101035408,3.288574866304662,3.3135574300239052,11.214719131594471,0.1613348229222729,-5.689386908988567,0.049642699579662664
2027,adult#005,4.5,11.95515769608084,5.623311204008576,6.5,13.770083757885686,8.39428224006295,0.03510000711191621,73.0,0.934472061735061,1.6607193042336887,190.31161476840944,-0.2862971034481874,4.353590418607324,4.787491736553617,3.0149982143511007,0.09798698922182296,-4.455198144089007,0.14114656351800178
2027,adult#006,11.5,7.381821715907643,10.120073400954116,22.6,15.171085744130977,20.717857244935956,0.04104248030233455,101.0,1.0,0.42224017750068304,203.85710308820182,-1.139423822911873,4.145177513749896,4.422034671629814,3.7093145853429834,0.09698703608114755,-5.8419461417589,0.012328480267579912
2027,adult#007,18.4,46.58007309907244,28.404683178139987,29.0,23.074896290159558,34.68886670140466,0.06803454375134413,44.0,0.8353743282327577,1.9334050692364113,70.0000000004257,-1.1735100784618417,4.088883429713529,4.229105170226826,3.004527923146517,0.09989737498875664,-4.600120895947354,0.07913741082075734
2027,adult#008,15.3,25.17649228515444,18.372222924321676,15.0,12.77106447733479,13.226294093212175,0.0638191854723727,85.0,0.9874422381252481,0.8809304842021118,145.14603250338828,-1.6094379124341,3.6084489493983716,3.919717243178544,4.694137432812554,0.09750238998752063,-5.25002943355629,0.05240338043852901
2027,adult#009,6.1,2.075300665720741,3.4577745109072984,6.8,5.433105562386942,7.789403994305275,0.06798002402252427,88.0,0.9723371733852417,-0.16689614146623638,97.98869904068145,-0.620065840741604,4.520986373453528,3.688246842181709,11.999909576628893,3.245618952347367e-07,-5.090337534043848,0.1571659079089155
2027,adult#010,5.1,7.503508071663562,6.606751298063154,8.3,8.094636490328412,11.562939811508159,0.04378941306898908,117.0,1.0,0.2671268224708991,123.28788611010917,-1.0882673564540937,3.9899829635346933,4.426740376879607,3.092139745473287,0.1425818538929848,-5.03584085460148,0.05614743005394959
2027,child#001,31.7,64.15817808786673,43.594978385414684,54.6,58.40573528008629,87.2152144821026,0.08542235662866432,105.0,1.0,1.6775099636996076,147.8691364644754,-1.2899273453883404,3.0679759126009825,3.6616724251506922,11.036443095413638,0.214612040229365,-5.253088845093202,0.0504723303172693
2027,child#002,19.3,22.82177796797873,24.877138413397592,35.3,53.71804972029754,58.984231275152425,0.06390185753152669,111.0,1.0,0.9094614322485366,125.87410532369142,-1.6094379124341,4.011742564217582,4.004342904971776,8.357822124727592,0.16268441857696522,-5.839287803449324,0.051002250704842385
2027,child#003,23.5,16.06850258270619,14.690837169644647,32.5,16.12049826969303,40.53917585260906,0.046441003006407904,101.0,1.0,1.2152463616456124,98.62354150101545,-0.6611053945836255,3.617679518017954,3.218875824868201,3.144093544296268,0.09935503764542358,-4.610115038194326,0.04992077083735278
2027,child#004,28.4,52.34198320503639,58.58823236175489,52.0,88.29739697058062,94.72444518447718,0.08986194275461964,122.0,1.0,1.7815469040247107,169.6745925136463,-1.4684532912021444,3.567940172329005,3.4792240516577104,6.012514282729992,0.10511410832695457,-6.071609044526605,0.24999999999999997
2027,child#005,5.9,9.207932600392681,13.839758915196546,31.8,38.71220176480094,50.97863359654308,0.058152545991576626,131.0,1.0,0.7301319696130195,100.89122423224089,-1.0772714114611388,4.209532484307449,3.6357582432402364,11.999999999998664,0.09956855212796879,-5.97230038773956,0.04970565738491239
2027,child#006,17.4,23.070583317648826,24.38951924530914,51.1,48.87097705206108,58.534049705251164,0.04690041509659347,95.0,1.0,1.3648465952214979,98.04285646030597,-0.8906928880092762,3.5851523533071425,3.5424264667879535,11.999999999999998,0.6005690935757877,-5.5540073587067464,0.11459825204819049
2027,child#007,10.1,12.60440462908216,13.931554211636856,19.1,35.32745337737518,30.852693288841394,0.0579657510223585,70.0,0.9361878367313202,1.1278782609766123,121.50351435367585,-0.8764634285268975,4.303053427542496,4.007150749382102,2.9998186320958786,0.36791012717548177,-5.354101193403182,0.03533213211405876
2027,child#008,12.5,13.100800039160228,20.97052242569492,25.6,32.235581315821065,43.34060889536383,0.0814879611921277,127.0,1.0,0.7455871134021664,86.28506884629797,-0.547516330257842,3.816213352821242,4.256300816689908,11.999999999998046,0.10662563454821158,-4.8531472213233,0.004237139051381362
2027,child#009,21.0,123.60158578563056,77.51308271981968,36.7,55.49811259756747,49.339030506024145,0.05045449878197141,123.0,1.0,2.420141985192883,157.90783632578803,-1.0512955666746862,3.685271365927642,4.015924744125301,3.05594619069073,2.7296183806886876e-14,-4.43259530170769,0.11447571539943609
2027,child#010,21.8,26.08117461769853,33.553093650977,26.4,35.36014132727084,42.14886714164446,0.059592229602050885,94.0,1.0,0.9921559994188593,142.6836525079707,-1.075501774882872,3.359092447806983,3.9314147374049413,5.517456066677668,0.10073236793470083,-5.1989744380388085,3.382544721074527e-10
2028,adolescent#001,13.2,25.35195885230521,24.53036840925608,14.4,17.508561019639785,15.931135247655817,0.060448577028002236,97.0,1.0,1.175651101779373,118.5296153556508,-1.526457873873328,4.314511658538605,4.400434546896021,3.0862065057626977,0.7269488844863844,-4.798862642021085,0.04984178513061398
2028,adolescent#002,4.4,2.895670549585211,4.837180154675869,11.2,7.318464760778511,13.765383827632832,0.05937051088164056,129.0,1.0,0.11280430758287632,138.87682526622643,-0.17464208079366123,4.250964516366913,4.424854131999464,11.999999999999998,0.0381707900141176,-4.608402641614238,0.05121075251839563
2028,adolescent#003,20.0,28.277768886083198,25.855424448432114,40.0,56.67426111031274,43.49639153088586,0.05816815247375497,129.0,1.0,1.9525213320497068,112.65678668247763,-0.7786214207793283,4.256574666575122,4.462124373265615,2.957697950779191,4.8401755067256835e-12,-5.091631942462573,0.048410362807433105
2028,adolescent#004,17.3,8.056363140911078,13.427234797707186,24.1,22.6423009495837,26.92766724191779,0.042813927472057735,117.0,1.0,0.4373591350412057,111.53743742809898,-1.0013488392460836,3.933179191926631,3.9130247043236595,11.999999949917626,2.383176645379743e-13,-5.852173689644344,1.3769319861191401e-14
2028,adolescent#005,15.3,10.229090892362862,14.971526985460178,25.8,29.675668095146136,23.848053777845323,0.0377670157781706,101.0,1.0,0.8879747419940854,121.23020974485038,-0.5577727636439384,3.8584479939579928,4.114151163487433,10.624824980207473,0.3642935238527522,-5.47551320558602,0.23078980834884014
2028,adolescent#006,7.0,9.005100283744813,10.865359719539448,18.2,8.695853684150393,8.053135744603395,0.055076690243500606,127.0,1.0,0.3826138988032098,139.53252774296863,-1.0887083393675732,3.728356219185013,3.330093046416263,6.739351415817227,0.6129087299305891,-4.720103824057318,0.04946958999730788
2028,adolescent#007,8.6,4.7045119152877115,8.835442415097356,11.6,6.728938760266999,11.638486433701388,0.044802375818243347,113.0,1.0,-0.21416691348311742,70.00000013776356,-0.7760027208599367,3.836777843242987,3.797252187526252,11.980349319592596,0.3855468910674758,-4.64924829294912,0.049504533106403334
2028,adolescent#008,4.7,3.25506341402302,4.942043807092225,14.6,8.694555721125539,11.568229893111294,0.058300897319671495,102.0,1.0,-0.36040467212144445,119.53622608127112,-0.7017395394578034,3.993983487144136,4.210593592440791,7.533918998527503,0.5066748584546492,-5.140792729406265,0.0399159851976709
2028,adolescent#009,24.9,24.17127592892046,29.284131058501256,24.3,38.01534769484073,23.113482235980214,0.08330024342449553,103.0,1.0,1.3149763490212902,124.00625579011876,-1.2190734499771196,4.02041390718667,4.419315382544713,6.737309029246105,2.1532375952368996e-11,-5.232818844370193,0.0531155592261779
2028,adolescent#010,16.8,12.968135943091552,15.793119946534524,32.8,39.187055891475296,41.858318878720965,0.03070008868421496,90.0,1.0,0.945705397813902,173.75998819914162,-1.130932865652481,4.287807503012185,4.006279451256268,7.455613700807137,0.10990319155202315,-6.047140233334634,0.04883458892384052
2028,adult#001,12.9,9.503222131072247,7.243465398670702,9.8,8.087631979989027,9.06593398291804,0.030746570306576095,25.0,0.8039918252390901,0.40850688728583506,137.97633434382539,-1.6094379124340998,3.4457425958325767,4.787491742782045,8.278485325383993,3.854610809354213e-17,-5.951942833369084,0.049677529677078225
2028,adult#002,6.7,10.953407201617114,9.120736192187534,10.5,12.228532695020249,8.859621889162952,0.04778672716165075,96.0,1.0,1.3084326970951323,137.29493266499654,-0.6834724621113593,4.3443131704549485,4.708693905991224,2.9897054580705067,0.12795830610453043,-4.926132951573629,0.050379729683678744
2028,adult#003,11.5,13.461864342016437,9.381468218828036,18.9,20.727457726939235,18.444793894425118,0.060460982572158116,46.0,0.8504395103624843,1.7035307931595136,205.4804584505607,-0.3848535946570711,4.669255973330379,4.470090195556322,3.7023304686718093,4.2826179220540586e-19,-4.613613876532419,3.1678696467677434e-12
2028,adult#004,13.5,21.60087307945412,23.30002491922734,47.4,36.418839561624594,36.64733096256691,0.08998444571895299,63.0,0.8924016608288339,1.1610130084918946,129.36651236620065,-1.2700656918660804,3.594315763449708,3.5451477416160553,9.11390297497693,0.09445918372386117,-6.005369633899949,0.050389098157148315
2028,adult#005,6.3,8.00054362036101,5.623311204008576,8.7,12.788081122105723,8.39428224006295,0.04070048081697312,100.0,1.0,0.6784328436506392,171.0851236155862,-0.8707507791137065,4.133281163001654,4.219788582464326,3.2393133697019905,1.3450808156947453e-17,-5.473617287113471,0.19937931136551754
2028,adult#006,8.8,8.820527317370058,10.120073400954116,17.9,22.840025556383637,20.717857244935956,0.057015486976379606,47.0,0.8494723230607717,0.7979460691281415,139.05576885665928,-0.9810033751290268,4.095663474947758,4.508871499869159,3.024809531886265,0.10203486608236223,-6.220428152269207,0.04992575010963027
2028,adult#007,20.7,34.59727393367462,28.404683178139987,22.7,38.42901792109589,34.68886670140466,0.07739249523904305,74.0,0.9553504083765569,1.9679829995011,124.22531706682112,-1.0080723112037768,4.059660213158667,4.267407881368064,3.016564482715867,0.1021975121802593,-5.316869652306398,0.05062437695208092
2028,adult#008,16.2,18.897267226127788,18.372222924321676,15.5,17.533418249803674,13.226294093212175,0.03921988810573275,37.0,0.8514517877884078,0.9799393705319212,136.1077734521293,-1.3554206701989364,3.6883194144763753,3.7652271177747263,2.9958653375703928,0.1668743020753736,-5.662494541317079,0.05085561739803957
2028,adult#009,6.5,2.0912677414162917,3.4577745109072984,6.9,5.279545288721522,7.789403994305275,0.08699189901559078,59.0,0.9,-0.10102152891475724,105.16056743735255,-0.5053124267006626,4.501634664353154,3.799545543226222,11.99999995223318,4.0732549069478296e-10,-4.95068269794313,0.05116690968340605
2028,adult#010,4.3,4.582313816817942,6.606751298063154,8.2,7.42798353825674,11.562939811508159,0.08781930772630019,101.0,1.0,-0.14790053124989036,162.04741662470465,-0.9919097268924771,3.6886840242595356,4.359925209939777,5.514784797569282,0.1003220305750089,-5.607520998576486,0.07193874537138628
2028,child#001,30.6,86.2951692684071,43.594978385414684,34.4,45.9749728848073,87.2152144821026,0.035274775777572084,136.0,1.0,1.6051897794072296,174.17152773471503,-1.5932825561956578,2.876020975262345,3.577033128653317,11.999999994437133,1.6989611324342584e-15,-5.029359518515067,0.019884823556812162
2028,child#002,19.9,30.91608204481225,24.877138413397592,43.8,54.550953433790895,58.984231275152425,0.08251447215614462,115.0,1.0,1.2354089017956098,91.28399118272365,-1.6094379124341,4.169461467085388,4.292148050831304,8.482033033898594,1.1141196540419942e-16,-5.345818070607083,0.049804317141754983
2028,child#003,25.6,19.76871807813225,14.690837169644647,31.2,34.739153625219785,40.53917585260906,0.07459886202239187,116.0,1.0,1.7268116230232617,81.88638632944433,-0.45343317221868024,3.6709334867326704,3.218875824868207,5.788834055407562,1.17005597437035e-17,-4.912497262290988,0.24999999999999942
2028,child#004,24.0,55.4811845513684,58.58823236175489,48.9,73.58427995868838,94.72444518447718,0.0578455101294393,97.0,1.0,1.8327886706696488,112.60854936962382,-1.4573619450641238,3.648936188061347,3.501636124221469,0.383620081394919,0.09724620610986931,-5.569181363581157,4.178007221199955e-17
2028,child#005,7.5,10.572262541736162,13.839758915196546,36.7,34.02126016311121,50.97863359654308,0.04571760461083008,120.0,1.0,0.7736936235862307,109.73092099591922,-1.188944192354012,3.9598724904749254,3.264596303225378,9.31586825358409,0.3253828318492106,-5.705721715351285,0.049917546528876984
2028,child#006,23.8,27.715544557811313,24.38951924530914,50.4,34.57033897091716,58.534049705251164,0.04160299305236863,93.0,1.0,1.2626820587191379,82.87861108700248,-1.181283881684709,3.496020481775373,3.3753243490451097,11.999999999999998,0.7461802948994012,-5.215322433780659,0.05003082785858644
2028,child#007,9.6,19.820482723199646,13.931554211636856,24.0,38.76619450552576,30.852693288841394,0.07714248158882153,126.0,1.0,1.3686049794558175,113.45704458828725,-1.0429118718587438,4.212963285815226,4.006323004845043,3.0277050679049635,0.46623061488179895,-5.178470466514706,0.10009760698812399
2028,child#008,16.1,11.06729270657217,20.97052242569492,25.8,29.447683088237596,43.34060889536383,0.03379167281812464,126.0,1.0,0.38335107352046643,81.78745395328035,-0.8040377765955758,3.567006154155154,4.450735776961946,3.012878979362261,0.5944175350773383,-5.2794963737203275,1.2955109307037824e-13
2028,child#009,18.9,112.63301760594553,77.51308271981968,33.8,50.5874017268973,49.339030506024145,0.08327486669741974,109.0,1.0,2.2428582295262864,141.76635918776265,-1.0767480917155854,3.618968543818851,4.0085923108422366,3.0746182802659563,0.20337669377923928,-4.459935216262379,0.050050122262317615
2028,child#010,19.6,28.78669969984429,33.553093650977,37.6,53.34155626229433,42.14886714164446,0.07030417719727619,69.0,0.9303434005855216,1.6028384229126516,138.52207481952368,-0.6001025962487038,3.6899164742165924,3.9855008927141555,6.354954578724955,0.1318905356290497,-5.100972053913663,0.050819579620618144
